Priority,Tender Agency,Tender Detail,Technology,Capacity MW,State,Winner Group,Winner SPV,Tariff,Expected COD,Months to COD,COD Basis,Confidence,Tender Ref No,Award Date,Source URL,Award URL
1,SECI,"SECI Awards 8.6 GW of ISTS Renewable Energy Projects Across Solar, Hybrid And Storage Tenders - SolarQuarter",Solar + Storage,8600.0,,Renew,,,2028-06-26,21,24 months from award (Solar + Storage),Press report - verify,,2026-06-26,https://news.google.com/rss/articles/CBMiyAFBVV95cUxNVHlsTTB4RHBoOGtOal9nU001Q3FGUXNLVXFmdWdFeWNoZnRnNExuUHBtMnJCcUJaM0c2MGtZZE44dnRNbXBpOC0xOWliZ1NoUHY5YUpGT2ROUVhXc19URmdEeURPNFB6WjZpRmN2cTk5ZFd3dnJiQ2p1bTFsUl9BQ1J1VXdJbVFEMlVtMGxuVVU0Z1c1LUZEUndfSGlOemVkMFlXQ19rU2pPUk8xN09lZkxLUFlGSWh4d01RX1lwUWlNaDgtMUZjcw?oc=5,https://news.google.com/rss/articles/CBMiyAFBVV95cUxNVHlsTTB4RHBoOGtOal9nU001Q3FGUXNLVXFmdWdFeWNoZnRnNExuUHBtMnJCcUJaM0c2MGtZZE44dnRNbXBpOC0xOWliZ1NoUHY5YUpGT2ROUVhXc19URmdEeURPNFB6WjZpRmN2cTk5ZFd3dnJiQ2p1bTFsUl9BQ1J1VXdJbVFEMlVtMGxuVVU0Z1c1LUZEUndfSGlOemVkMFlXQ19rU2pPUk8xN09lZkxLUFlGSWh4d01RX1lwUWlNaDgtMUZjcw?oc=5
2,MSEDCL,"Adani Power Wins MSEDCL's 2,500 MW Renewable RTC Power Supply Contract - energetica-india.net",Round-the-Clock / CfD / Trading,2500.0,,Adani Power; Renew,,,2028-04-07,19,24 months from award (Round-the-Clock / CfD / Trading),Press report - verify,,2026-04-07,https://news.google.com/rss/articles/CBMiqgFBVV95cUxQZ1lsbUpQbElWV0w4OUtXSVZyX2dBY1Z0cVhpQzZnaWJFeG43LVJQYUZNbGdsY09TaUpTdWpSdlhUUGttR1QwbzFaeUpXMENuZ0VVM3pUMEl1X3A1Q3FRSjJIaEkzNVpsVkZlYWEya2pRVHdKQXotTkJLNi03REpTZFlHamRKdGhGOEl1UjNCUnlhdUJnMDdPUUtNY3BCQVhZYzJlTnpjMlZBUQ?oc=5,https://news.google.com/rss/articles/CBMiqgFBVV95cUxQZ1lsbUpQbElWV0w4OUtXSVZyX2dBY1Z0cVhpQzZnaWJFeG43LVJQYUZNbGdsY09TaUpTdWpSdlhUUGttR1QwbzFaeUpXMENuZ0VVM3pUMEl1X3A1Q3FRSjJIaEkzNVpsVkZlYWEya2pRVHdKQXotTkJLNi03REpTZFlHamRKdGhGOEl1UjNCUnlhdUJnMDdPUUtNY3BCQVhZYzJlTnpjMlZBUQ?oc=5
3,MSEDCL,"Adani Power Secures 2,500 MW RE RTC Supply Deal With MSEDCL - solarquarter.com",Round-the-Clock / CfD / Trading,2500.0,,Adani Power,,,2028-04-06,19,24 months from award (Round-the-Clock / CfD / Trading),Press report - verify,,2026-04-06,https://news.google.com/rss/articles/CBMimwFBVV95cUxPZWNZNXdpMk4xckozclFCY1l3U0hmODZvVUdib3k4Rl9xOVZjeHIwcUI0aHZBcFFqWFhIdjktaFNnMHZ0UVRNRjJYWUV5R0I1U2ZjNDJwVEN0dkJrbU8zWEJFY1lSZTEzSElDRjJpV25QZkN3a0kyTkVXVG40c0FVX1A5ZEF5dW5Ldzd1T19YdmJfemNqYjRkcE5iMA?oc=5,https://news.google.com/rss/articles/CBMimwFBVV95cUxPZWNZNXdpMk4xckozclFCY1l3U0hmODZvVUdib3k4Rl9xOVZjeHIwcUI0aHZBcFFqWFhIdjktaFNnMHZ0UVRNRjJYWUV5R0I1U2ZjNDJwVEN0dkJrbU8zWEJFY1lSZTEzSElDRjJpV25QZkN3a0kyTkVXVG40c0FVX1A5ZEF5dW5Ldzd1T19YdmJfemNqYjRkcE5iMA?oc=5
4,GUVNL,"KP Group, Engie India, Ultimate Flexipack Among Winners in GUVNL’s 2 GW/4 GWh BESS Auction - energetica-india.net",Energy Storage (BESS),2000.0,,Engie,,,2027-05-18,8,18 months from award (Energy Storage (BESS)),Press report - verify,,2025-11-18,https://news.google.com/rss/articles/CBMiwgFBVV95cUxPdUtQbnA2d1dPOUFHeHM5TE1yaTFyMEl1V25jWkJPQkt4TzdKazNGMlFFMHhjTkR0NXJ3VTlxZkJYUEt4OV9UeE5GcU9Zb09Jd1JpZXZTeGVHTEVTZ3ZELWhXU1VqNUhBUkxfZGoybGYtdFZrV2VVeG5zVGFkdHk3RjRTVkRqcHZpVUVpUjg0UUZBOFNOQm1SRm9wZ0YtcjhacXAzZGRfMHBzYUhPaVFLUzRCajRvSkRUUGhjRmZLYWxXQQ?oc=5,https://news.google.com/rss/articles/CBMiwgFBVV95cUxPdUtQbnA2d1dPOUFHeHM5TE1yaTFyMEl1V25jWkJPQkt4TzdKazNGMlFFMHhjTkR0NXJ3VTlxZkJYUEt4OV9UeE5GcU9Zb09Jd1JpZXZTeGVHTEVTZ3ZELWhXU1VqNUhBUkxfZGoybGYtdFZrV2VVeG5zVGFkdHk3RjRTVkRqcHZpVUVpUjg0UUZBOFNOQm1SRm9wZ0YtcjhacXAzZGRfMHBzYUhPaVFLUzRCajRvSkRUUGhjRmZLYWxXQQ?oc=5
5,SECI,"Purvah, SAEL Among Winners of SECI’s 2 GW Solar, 4 GWh Energy Storage Auction - Mercomindia.com",Solar + Storage,2000.0,,SAEL,,,2027-11-08,14,24 months from award (Solar + Storage),Press report - verify,,2025-11-08,https://news.google.com/rss/articles/CBMinwFBVV95cUxNa093ZGg5dFlMSkNKTVZKV2ZfRzEwdkhNN25DVk9Nd2RIUzA5NlhQOVRucHhIbTMtZ2ZKV3ZLdDA2UURISjJDRjlqVDhkVF9iUnhLdjdvcmJJSGx4M0hHQ3gzQVU4QlhGSmh1WmItYUV3MFd5bWllSmhKS0o0UXc0dU16ei0tTXNsUnRLWExiUm9LZUxhMDZZNHdJU2lYNXM?oc=5,https://news.google.com/rss/articles/CBMinwFBVV95cUxNa093ZGg5dFlMSkNKTVZKV2ZfRzEwdkhNN25DVk9Nd2RIUzA5NlhQOVRucHhIbTMtZ2ZKV3ZLdDA2UURISjJDRjlqVDhkVF9iUnhLdjdvcmJJSGx4M0hHQ3gzQVU4QlhGSmh1WmItYUV3MFd5bWllSmhKS0o0UXc0dU16ei0tTXNsUnRLWExiUm9LZUxhMDZZNHdJU2lYNXM?oc=5
6,MPPMCL,Adani Power Secures LoA for total 1600 MW Capacity from MPPMCL - Adani,Unclassified,1600.0,,Adani Power,,,2027-09-11,12,24 months from award (default),Press report - verify,,2025-09-11,https://news.google.com/rss/articles/CBMirAFBVV95cUxNMGo0X0NqWDZDSFJ2bkJlby0zXzlvd29MYlROdk9EMllXaUxRSGlfT0FVUEpvOXhfb2FVV044c3JHaG5COVNIR1RMY0dzbGwtcFJTbFBKU2NucFNpMnF6UzE3TGotWE0xaldyNWRNcmRvc1NwdGowTzFueVZNS0VpUnV0YnNIcFYtWFNYYVc3MlJleldDQlVwM3Zyd2VrMWFVREkxcnpEa2VxLUJD?oc=5,https://news.google.com/rss/articles/CBMirAFBVV95cUxNMGo0X0NqWDZDSFJ2bkJlby0zXzlvd29MYlROdk9EMllXaUxRSGlfT0FVUEpvOXhfb2FVV044c3JHaG5COVNIR1RMY0dzbGwtcFJTbFBKU2NucFNpMnF6UzE3TGotWE0xaldyNWRNcmRvc1NwdGowTzFueVZNS0VpUnV0YnNIcFYtWFNYYVc3MlJleldDQlVwM3Zyd2VrMWFVREkxcnpEa2VxLUJD?oc=5
7,MPPMCL,"Adani Power bags 1,600 MW thermal project from MPPMCL; to invest Rs 21,000 cr - cfo.economictimes.indiatimes.com",Unclassified,1600.0,,Adani Power,,,2027-09-11,12,24 months from award (default),Press report - verify,,2025-09-11,https://news.google.com/rss/articles/CBMi-AFBVV95cUxPZVo1YkROVGIzdmhTUEYyWS1EdkxmOVFJTmZ3NnRKczdyUHNQOXFqMlNzMWNWempZZ05vTFowVUdST1prQnpDVDhxck11WDRRUlhwT1ZxR25Vd01MMjhFdUVBS1ZaYktmRlJxMGQtbHNMbENDY0lTa3N0TnRsN2xwODF0bFprS1pOTHN0N1FvamU5Q09zaThkYW5MdWNBdThrWllMeVFZVDdHSERRNTJuN1J4WUk1aHh6dmpfaFVFTkFOTTRxTnNneW85RlgxejRZZ0t2Z0dMTFRzbVNTQ0t6M01aQTluN3l4SThjaWRsWGJHdW52RnBNWdIB_gFBVV95cUxNSEhlaEdMN0xRU2xxalM4OG5qMmhpc1lTdU10ZUR0VjI0U1ZDM2JOQ0xOWWNiZFZHNnFRSDVfSE1NTkR5OEJsU3lXdGhMMDc3ekhKLTY4YnR0aGUzenNkNFFLbG5TQmFlejdjSVJLZGJiUE5wNFdZVUpRcGNCeG9PWktCT0d2UTIzV1o1TG9YcU1KYk5seXNUQ1VuNkFWNHFVTGwzc01KT19IRHBCNFlKeVhvWUJvb1I5enUzaDFiaFhITEJqRElJZ2xpdnItaW5idVBKbnpsVlJBbDA5WnIzTm1FZ0Ruc3c2Vmd2WUowanBpOWU3SXIyTnJfMkk1dw?oc=5,https://news.google.com/rss/articles/CBMi-AFBVV95cUxPZVo1YkROVGIzdmhTUEYyWS1EdkxmOVFJTmZ3NnRKczdyUHNQOXFqMlNzMWNWempZZ05vTFowVUdST1prQnpDVDhxck11WDRRUlhwT1ZxR25Vd01MMjhFdUVBS1ZaYktmRlJxMGQtbHNMbENDY0lTa3N0TnRsN2xwODF0bFprS1pOTHN0N1FvamU5Q09zaThkYW5MdWNBdThrWllMeVFZVDdHSERRNTJuN1J4WUk1aHh6dmpfaFVFTkFOTTRxTnNneW85RlgxejRZZ0t2Z0dMTFRzbVNTQ0t6M01aQTluN3l4SThjaWRsWGJHdW52RnBNWdIB_gFBVV95cUxNSEhlaEdMN0xRU2xxalM4OG5qMmhpc1lTdU10ZUR0VjI0U1ZDM2JOQ0xOWWNiZFZHNnFRSDVfSE1NTkR5OEJsU3lXdGhMMDc3ekhKLTY4YnR0aGUzenNkNFFLbG5TQmFlejdjSVJLZGJiUE5wNFdZVUpRcGNCeG9PWktCT0d2UTIzV1o1TG9YcU1KYk5seXNUQ1VuNkFWNHFVTGwzc01KT19IRHBCNFlKeVhvWUJvb1I5enUzaDFiaFhITEJqRElJZ2xpdnItaW5idVBKbnpsVlJBbDA5WnIzTm1FZ0Ruc3c2Vmd2WUowanBpOWU3SXIyTnJfMkk1dw?oc=5
8,MPPMCL,"Adani Power bags 1,600 MW thermal project from MPPMCL; to invest ₹21,000 cr - ET EnergyWorld",Unclassified,1600.0,,Adani Power,,,2027-09-12,12,24 months from award (default),Press report - verify,,2025-09-12,https://news.google.com/rss/articles/CBMi1AFBVV95cUxPYUhDYkdXeVlsZ2FnajZGWkJ2bHFSR0VtbWN0a1dyd0RvUVRnVHFjbkZuY05UcFNmNTNpOTJnUFhzX0h4SjkzaDhMT1dzS0pReXVET1V5ZjFUTFhxLUpjQ2U5QnJGZmZmNGhwc1pxcEVsR3ZFbzBLM2xiQWJfQzI1VHZqbmo5WVFxZDZvaDhWODRrMmgxelpIVW5wLUt1Z09fNXVsVlp5S2dQLWgyUTJDeFlCUTdwbjRGWEoxNnR3Tm5PbW1uclc3MmNQamJRX250Q0E5ctIB2gFBVV95cUxOSGtJZzRoWlFZbHFOSk5obWpaTi1NcFdJZkNUZFlybWVHeXdwRHdJQms3Q2xPaHBGOWZQWVFuQVhLUGxMS0FhNlV6cFFrR2hDdk9oZXU0dEJJc1hBYV9wbGxKN041RFgzMnRDbG5JTUFpVndRQWpBX0pob2RFRGZrWG1la1VNcHZNODNvVGhVSG53bUctMzE2Q1R0YUlhQVJLQnFvTlg3UzhKaS1rUC1xQ1dmRUQ4V0g0T3lQYzB5REhEdWdOZHRhbTFHT2RYZW4zTGxKR3FjWVhIUQ?oc=5,https://news.google.com/rss/articles/CBMi1AFBVV95cUxPYUhDYkdXeVlsZ2FnajZGWkJ2bHFSR0VtbWN0a1dyd0RvUVRnVHFjbkZuY05UcFNmNTNpOTJnUFhzX0h4SjkzaDhMT1dzS0pReXVET1V5ZjFUTFhxLUpjQ2U5QnJGZmZmNGhwc1pxcEVsR3ZFbzBLM2xiQWJfQzI1VHZqbmo5WVFxZDZvaDhWODRrMmgxelpIVW5wLUt1Z09fNXVsVlp5S2dQLWgyUTJDeFlCUTdwbjRGWEoxNnR3Tm5PbW1uclc3MmNQamJRX250Q0E5ctIB2gFBVV95cUxOSGtJZzRoWlFZbHFOSk5obWpaTi1NcFdJZkNUZFlybWVHeXdwRHdJQms3Q2xPaHBGOWZQWVFuQVhLUGxMS0FhNlV6cFFrR2hDdk9oZXU0dEJJc1hBYV9wbGxKN041RFgzMnRDbG5JTUFpVndRQWpBX0pob2RFRGZrWG1la1VNcHZNODNvVGhVSG53bUctMzE2Q1R0YUlhQVJLQnFvTlg3UzhKaS1rUC1xQ1dmRUQ4V0g0T3lQYzB5REhEdWdOZHRhbTFHT2RYZW4zTGxKR3FjWVhIUQ?oc=5
9,MSEDCL,Adani Power bags 1600 MW power supply contract from MSEDCL - energy.economictimes.indiatimes.com,Unclassified,1600.0,,Adani Power,,,2028-03-15,18,24 months from award (default),Press report - verify,,2026-03-15,https://news.google.com/rss/articles/CBMitwFBVV95cUxNY2w4ekJKU1BNRmE2YmM1UzZKUGxUbGl2azBuUUVqNkpNamRqSlpMQTdaSVgyX3RqbkxRMnZCVktHdFNwdk9ialpaMDBhNE9zb25fVHl6UmVPV2l5WnNNTVp5RHlqcjBjdVlMQVVRNmkyaWtqbkMxNHZaem9uWkNzMGtGUkEzWkpWdldvRkNKTDJudFJ3MmNaeUswbWNDLWJxT2lXcld6dGEtamRnREFuQ0c3LW9Wb3fSAbwBQVVfeXFMTkdPd2lCNjdnRGkzNUdub3lrMDBfTlp2Z193Smt2TWZGcGI5S1duZmw4U05iWWRFSk15U0VGVm1qYTJzeXgxZ0FzUmttYlBTUGgxY0RWbldkMGZJZVZ3N1Brc1N5Mi0zdzgyMXAyVWtxWktOWmJzRndjOEtYek90UG8ycnNMdDRWMmlNRW1laDBLTkNnRkFFLUptd08tVDAxTDNGTE1TZmpkS01ROVc5ZkUyTHlxY1BfTGZtNFk?oc=5,https://news.google.com/rss/articles/CBMitwFBVV95cUxNY2w4ekJKU1BNRmE2YmM1UzZKUGxUbGl2azBuUUVqNkpNamRqSlpMQTdaSVgyX3RqbkxRMnZCVktHdFNwdk9ialpaMDBhNE9zb25fVHl6UmVPV2l5WnNNTVp5RHlqcjBjdVlMQVVRNmkyaWtqbkMxNHZaem9uWkNzMGtGUkEzWkpWdldvRkNKTDJudFJ3MmNaeUswbWNDLWJxT2lXcld6dGEtamRnREFuQ0c3LW9Wb3fSAbwBQVVfeXFMTkdPd2lCNjdnRGkzNUdub3lrMDBfTlp2Z193Smt2TWZGcGI5S1duZmw4U05iWWRFSk15U0VGVm1qYTJzeXgxZ0FzUmttYlBTUGgxY0RWbldkMGZJZVZ3N1Brc1N5Mi0zdzgyMXAyVWtxWktOWmJzRndjOEtYek90UG8ycnNMdDRWMmlNRW1laDBLTkNnRkFFLUptd08tVDAxTDNGTE1TZmpkS01ROVc5ZkUyTHlxY1BfTGZtNFk?oc=5
10,MSEDCL,"Adani Power Limited Wins 1,600 MW Supply Order From MSEDCL - sarkaritel.com",Unclassified,1600.0,,Adani Power,,,2028-03-16,18,24 months from award (default),Press report - verify,,2026-03-16,https://news.google.com/rss/articles/CBMimAFBVV95cUxPNHZQNXpCaTVRWUNzeDJKRS1rUkxoQzRoQjc1SXNneWlqU0JQU1dWQzUxdTFMYzlLeTFxZXdFS2hYTHBVMEpSN3Z4VkE3bm1YQVZpSjNSTUQtdG5QRVd0djBTNFh2R1A4NjNjMDREQnp0THA5ZEllX2lnWldzaWplekVhd3ZqTkZQcWwzcEFNZ1I3YWhvY1JuaA?oc=5,https://news.google.com/rss/articles/CBMimAFBVV95cUxPNHZQNXpCaTVRWUNzeDJKRS1rUkxoQzRoQjc1SXNneWlqU0JQU1dWQzUxdTFMYzlLeTFxZXdFS2hYTHBVMEpSN3Z4VkE3bm1YQVZpSjNSTUQtdG5QRVd0djBTNFh2R1A4NjNjMDREQnp0THA5ZEllX2lnWldzaWplekVhd3ZqTkZQcWwzcEFNZ1I3YWhvY1JuaA?oc=5
11,MSEDCL,"Adani Power shares jumps 5% after MSEDCL awards 1,600 MW long-term supply contract - The Economic Times",Unclassified,1600.0,,Adani Power,,,2028-03-16,18,24 months from award (default),Press report - verify,,2026-03-16,https://news.google.com/rss/articles/CBMi6gFBVV95cUxOLW1uVVNBRDJCSkhSV2hUbVc0ajMxZWV2QjV2Z3o2YW5TeFI0UXUxclREeWgyODg2c1VBMkQwemV5ZHNCWksxZTBGZFY2NzVxdVBNRHlaNWJMNHphY1lRRHE5ZGVEZktUWjRKSXJvLTRET1RnREtqaFNqdUxxWlZ1YndiX0hvVVJ2TWY3NkZvMVhGWmtXWHpIRGk4YlJWMmhlWk1qZVVRM3BjeDh0TGtvemY0aWd4V0RsRWJOTFpzNWR5OTYyVF9mbEpEYTNjVDYzQWFDUENHNm5jZmtnalRERW96VkRqRUcyR0HSAe8BQVVfeXFMT2NXamVXNXhyUkx4OUtOaTBhM2tON05qRmxoakNTU24wTVlUZVdYaGVWTzhoamlSazc0Z0lJUnhvX2J0QzRYZ0pLam1BaTJTN0JIekF4WVlFLWMyUzBVLVFncUtBNW9JQ1Z4OTk3SjlFNTlkUWdhU1hKcjJ1cFlkeTlnMjREZ18wdmVHRl9aR3FaLXJhU2tULVdKOHdsU3pqX2lxQnZxRVBWN2ZNbUJ1Ymp2Z016X3FEV0NzN3ViUURxSjBneWEyZGp4Um4tVGRWZE1ILUpQXzJJQU8xZ0xYblQ2ckl2SXVPOC1sYm9HMlU?oc=5,https://news.google.com/rss/articles/CBMi6gFBVV95cUxOLW1uVVNBRDJCSkhSV2hUbVc0ajMxZWV2QjV2Z3o2YW5TeFI0UXUxclREeWgyODg2c1VBMkQwemV5ZHNCWksxZTBGZFY2NzVxdVBNRHlaNWJMNHphY1lRRHE5ZGVEZktUWjRKSXJvLTRET1RnREtqaFNqdUxxWlZ1YndiX0hvVVJ2TWY3NkZvMVhGWmtXWHpIRGk4YlJWMmhlWk1qZVVRM3BjeDh0TGtvemY0aWd4V0RsRWJOTFpzNWR5OTYyVF9mbEpEYTNjVDYzQWFDUENHNm5jZmtnalRERW96VkRqRUcyR0HSAe8BQVVfeXFMT2NXamVXNXhyUkx4OUtOaTBhM2tON05qRmxoakNTU24wTVlUZVdYaGVWTzhoamlSazc0Z0lJUnhvX2J0QzRYZ0pLam1BaTJTN0JIekF4WVlFLWMyUzBVLVFncUtBNW9JQ1Z4OTk3SjlFNTlkUWdhU1hKcjJ1cFlkeTlnMjREZ18wdmVHRl9aR3FaLXJhU2tULVdKOHdsU3pqX2lxQnZxRVBWN2ZNbUJ1Ymp2Z016X3FEV0NzN3ViUURxSjBneWEyZGp4Um4tVGRWZE1ILUpQXzJJQU8xZ0xYblQ2ckl2SXVPOC1sYm9HMlU?oc=5
12,MSEDCL,"Adani Power: Company Secures LOA From MSEDCL For 1,600 MW Long-Term Power Agreement - scanx.trade",Unclassified,1600.0,,Adani Power,,,2028-03-15,18,24 months from award (default),Press report - verify,,2026-03-15,https://news.google.com/rss/articles/CBMiyAFBVV95cUxQWm9ydnhLbkZQb1BVZDB0MmRwTXpJOVo2MlMyTmJyUlU5UG9MQmpNWWZnOEtVRzc5bGRmMjFVdlZBZHBGRzhpNHVndVl1ZVJoLTV2V0QxcXFfbUpEZXl2aFM3VmlFREg5ajZrVDc0ZC1tNnZMaVFDVTdxYTZ0d0tpR0hYRDZDSXR5ZERqOEJPQl80YW1tRS0xeVlPTEV1eTItMlRPdDFKWXNtOFgtOUhOWmpKRVRFb01xY2JSNGpZT21mcHhabnZaNg?oc=5,https://news.google.com/rss/articles/CBMiyAFBVV95cUxQWm9ydnhLbkZQb1BVZDB0MmRwTXpJOVo2MlMyTmJyUlU5UG9MQmpNWWZnOEtVRzc5bGRmMjFVdlZBZHBGRzhpNHVndVl1ZVJoLTV2V0QxcXFfbUpEZXl2aFM3VmlFREg5ajZrVDc0ZC1tNnZMaVFDVTdxYTZ0d0tpR0hYRDZDSXR5ZERqOEJPQl80YW1tRS0xeVlPTEV1eTItMlRPdDFKWXNtOFgtOUhOWmpKRVRFb01xY2JSNGpZT21mcHhabnZaNg?oc=5
13,SJVN,"Reliance, Sembcorp, BluPine, and ACME Win SJVN’s 1.5 GW FDRE Auction - Energetica India Magazine",Unclassified,1500.0,,Sembcorp; BluPine,,,2027-10-11,13,24 months from award (default),Press report - verify,,2025-10-11,https://news.google.com/rss/articles/CBMiowFBVV95cUxQanVOemVxR1ZQMGZXRm9aLUVqdEdpTWlOamxsRE5CZGZsZjdjdEhtOHFkbkc4eFJQT2ZHNzZOcTFJQW1VSFNyS3FZaU5YOHBuYnVGTktIck1rZ2M5Ri1WR3F4NkVkVlRDVlR1WnVlbTlpblU5S0xIMUtLT05CUC1wQ3dnMGRlNXFGdXA4bFBiVXp6cnEzLWRfb01CM29HcXVza0Vv?oc=5,https://news.google.com/rss/articles/CBMiowFBVV95cUxQanVOemVxR1ZQMGZXRm9aLUVqdEdpTWlOamxsRE5CZGZsZjdjdEhtOHFkbkc4eFJQT2ZHNzZOcTFJQW1VSFNyS3FZaU5YOHBuYnVGTktIck1rZ2M5Ri1WR3F4NkVkVlRDVlR1WnVlbTlpblU5S0xIMUtLT05CUC1wQ3dnMGRlNXFGdXA4bFBiVXp6cnEzLWRfb01CM29HcXVza0Vv?oc=5
14,SECI,"Waaree Energies, NTPC REL And ACME Solar Win SECI’s 1500 MW/6000 MWh FDRE-lX Tender At ₹5.99–₹6/kWh - SolarQuarter",Solar,1500.0,,Waaree; ACME Solar,,,2028-08-24,23,24 months from award (Solar),Press report - verify,,2026-08-24,https://news.google.com/rss/articles/CBMi5AFBVV95cUxNb0lMaXVWbUdTTzFWa3k3YnlWMGI3eG1UeWQzRGRvVExkODc4NjB3Z2VTN2J6d2RsNHNmSmtiN2wtQ1pvWERIX1RMSzBaZi1Ua21RZEtfakZFcHVsWUUtN2hrVGtrRk9iVG03bGV2bG85S1BLX295YVIybU5LWXB6Z29DS2d0UHpyeFp4clNfYjVUVTdmekE5dHZJRnpsMmJ6RVBLMmhJU2E0X2k4bXpDZkpoZG9sd2N1T2dlSnREel9hTVhhSE9iOHhQbjRqTnlSWnl5dGJBaGpDNkNpSXdNR3dQLU4?oc=5,https://news.google.com/rss/articles/CBMi5AFBVV95cUxNb0lMaXVWbUdTTzFWa3k3YnlWMGI3eG1UeWQzRGRvVExkODc4NjB3Z2VTN2J6d2RsNHNmSmtiN2wtQ1pvWERIX1RMSzBaZi1Ua21RZEtfakZFcHVsWUUtN2hrVGtrRk9iVG03bGV2bG85S1BLX295YVIybU5LWXB6Z29DS2d0UHpyeFp4clNfYjVUVTdmekE5dHZJRnpsMmJ6RVBLMmhJU2E0X2k4bXpDZkpoZG9sd2N1T2dlSnREel9hTVhhSE9iOHhQbjRqTnlSWnl5dGJBaGpDNkNpSXdNR3dQLU4?oc=5
15,SECI,RfS for Setting up of 1500 MW/12000 MWh Pumped Storage Plants in India (PSP-I),Pumped Storage,1500.0,,Greenko; Torrent; Tata Power,,,2031-07-21,58,60 months from award (Pumped Storage),Press report - verify,SECI/C&P/IPP/15/0017/25-26,2026-07-21,https://www.seci.co.in/tender-details/YmF3,https://news.google.com/rss/articles/CBMi0wFBVV95cUxNcUFUdkw3Vm5vYUd3d1N3Q1FMZ3M3eDZRRHJGNzEwNExtaHdJLWRXVndXN1V2Ukc4d3hUbEtoT0RqUmpRRWVqbXM0REtHcTlsM29xekcxTWtnWVpXMnFIZmNXLTlnVTZ0WGRLYVNiOWtLYWZidHU1Y0U4ZnpXSkQtU0thZG9IelVKd01TU0c2WUdRNlZQMmJSUnN3aFhmemtVWUhlRHozWUFlZERMVlFhVXJpaVhWaWpkb2NuVURBZzhTRWU0S3puWFNyc2xpalRCc0pJ?oc=5
16,SECI,RfS for Setting up of 1500 MW/12000 MWh Pumped Storage Plants in India (PSP-I),Pumped Storage,1500.0,,Greenko; Torrent; Tata Power,,,2031-07-21,58,60 months from award (Pumped Storage),Press report - verify,SECI/C&P/IPP/15/0017/25-26,2026-07-21,https://www.seci.co.in/tender-details/YmF3,https://news.google.com/rss/articles/CBMi0wFBVV95cUxNcUFUdkw3Vm5vYUd3d1N3Q1FMZ3M3eDZRRHJGNzEwNExtaHdJLWRXVndXN1V2Ukc4d3hUbEtoT0RqUmpRRWVqbXM0REtHcTlsM29xekcxTWtnWVpXMnFIZmNXLTlnVTZ0WGRLYVNiOWtLYWZidHU1Y0U4ZnpXSkQtU0thZG9IelVKd01TU0c2WUdRNlZQMmJSUnN3aFhmemtVWUhlRHozWUFlZERMVlFhVXJpaVhWaWpkb2NuVURBZzhTRWU0S3puWFNyc2xpalRCc0pJ?oc=5
17,SECI,"Greenko, Torrent & Tata Power Wins SECI 1500 MW/12000 MWh Pumped Storage Tender in India - Saur Energy",Pumped Storage,1500.0,,Greenko; Torrent; Tata Power,,,2031-07-21,58,60 months from award (Pumped Storage),Press report - verify,,2026-07-21,https://news.google.com/rss/articles/CBMi0wFBVV95cUxNcUFUdkw3Vm5vYUd3d1N3Q1FMZ3M3eDZRRHJGNzEwNExtaHdJLWRXVndXN1V2Ukc4d3hUbEtoT0RqUmpRRWVqbXM0REtHcTlsM29xekcxTWtnWVpXMnFIZmNXLTlnVTZ0WGRLYVNiOWtLYWZidHU1Y0U4ZnpXSkQtU0thZG9IelVKd01TU0c2WUdRNlZQMmJSUnN3aFhmemtVWUhlRHozWUFlZERMVlFhVXJpaVhWaWpkb2NuVURBZzhTRWU0S3puWFNyc2xpalRCc0pJ?oc=5,https://news.google.com/rss/articles/CBMi0wFBVV95cUxNcUFUdkw3Vm5vYUd3d1N3Q1FMZ3M3eDZRRHJGNzEwNExtaHdJLWRXVndXN1V2Ukc4d3hUbEtoT0RqUmpRRWVqbXM0REtHcTlsM29xekcxTWtnWVpXMnFIZmNXLTlnVTZ0WGRLYVNiOWtLYWZidHU1Y0U4ZnpXSkQtU0thZG9IelVKd01TU0c2WUdRNlZQMmJSUnN3aFhmemtVWUhlRHozWUFlZERMVlFhVXJpaVhWaWpkb2NuVURBZzhTRWU0S3puWFNyc2xpalRCc0pJ?oc=5
18,SECI,"Tata Power, Greenko, Torrent Win SECI’s 1,500 MW/12,000 MWh PSP Auction - Energetica India Magazine",Pumped Storage,1500.0,,Tata Power; Greenko; Torrent,,,2031-07-21,58,60 months from award (Pumped Storage),Press report - verify,,2026-07-21,https://news.google.com/rss/articles/CBMipgFBVV95cUxPMG1iZkRveFJvRlEwTVhtaWtqeXRmN1ZadkRBdXdsZDFNblhFc0ZTVWhfZ2VtcWx0RktodUxHYkJnanlyeUQyY1VzLVJBejZvd0MzM3ZYN2hQcnVZUXRwaFBaWm9CdEhlSFBtZGRQQVY5YWR6YTZRTEJ4WDF4UUdsU0ZFNEt4TlFTdV8yYnVodkZLR2lmbVZ3SVIyTW1qbE0yWHZJQUhB?oc=5,https://news.google.com/rss/articles/CBMipgFBVV95cUxPMG1iZkRveFJvRlEwTVhtaWtqeXRmN1ZadkRBdXdsZDFNblhFc0ZTVWhfZ2VtcWx0RktodUxHYkJnanlyeUQyY1VzLVJBejZvd0MzM3ZYN2hQcnVZUXRwaFBaWm9CdEhlSFBtZGRQQVY5YWR6YTZRTEJ4WDF4UUdsU0ZFNEt4TlFTdV8yYnVodkZLR2lmbVZ3SVIyTW1qbE0yWHZJQUhB?oc=5
19,SECI,"SECI Awards 1,344 MW Pumped Storage Capacity To Greenko, Tata Power, And Torrent After Competitive Auction - SolarQuarter",Pumped Storage,1344.0,,Greenko; Tata Power; Torrent,,,2031-07-21,58,60 months from award (Pumped Storage),Press report - verify,,2026-07-21,https://news.google.com/rss/articles/CBMi1wFBVV95cUxNZ0xiWWJZOThVejBNbXZ2SF9PTnNHZGRuam9HdXJzTWlXTnB1bzNlQWY3Zmg2TUtyazEwTHNld25DMmtjTGNkNEhWbk9OeWl4NkowSXY4WmVjU1ZFM0RKVy16LWlhR0J3aGFqX0tRelhhMXNER1dFY3FCS2Y3el8xMThzRmRhTXJ5ak1aeHpzMGNnX2FkRk1hTTlWNy0zWnVDbTNYRmhXRUJ2MlZCOEV0ZVRyWEZCa3BpcjFPNDFuZ04yc2NubVZEd3lUR0R0QnIxRlYtMlA4cw?oc=5,https://news.google.com/rss/articles/CBMi1wFBVV95cUxNZ0xiWWJZOThVejBNbXZ2SF9PTnNHZGRuam9HdXJzTWlXTnB1bzNlQWY3Zmg2TUtyazEwTHNld25DMmtjTGNkNEhWbk9OeWl4NkowSXY4WmVjU1ZFM0RKVy16LWlhR0J3aGFqX0tRelhhMXNER1dFY3FCS2Y3el8xMThzRmRhTXJ5ak1aeHpzMGNnX2FkRk1hTTlWNy0zWnVDbTNYRmhXRUJ2MlZCOEV0ZVRyWEZCa3BpcjFPNDFuZ04yc2NubVZEd3lUR0R0QnIxRlYtMlA4cw?oc=5
20,SJVN,"Reliance, SAEL, Jindal, Sembcorp, JBM, And Fastnote Win Big In SJVN’s 1,200 MW Solar Integrated With 600 MW/ 2,400 MWh ESS Auction - SolarQuarter",Solar,1200.0,,SAEL; Sembcorp,,,2027-05-09,8,24 months from award (Solar),Press report - verify,,2025-05-09,https://news.google.com/rss/articles/CBMi7wFBVV95cUxPWDgtY1V1UUdmX2pDTGpncDVabHhLVzB6bWhITG5JdnBFQXlDTDhGSmt0TXc4Y3lWaUxDZXJBQXN6NFlKcS1aX1JoYjRkR0xwVWxuZXAxT3R6RjFxYWxTOUlDR3JadmNpbzE5V0RsQTBPUzdKYk05MnFXRmVWU3RDNkpmUXhIS3RZeUh5emRrNGM3cks5XzBacTBmalZGa3Rnc0U5TWRPWDRfcVVnRXowb256dTFnY1pyZ0I1Z1lZMGV6ZjBwejlERDhqbXRqdzgtZkRNRXcxcEhuQW1KZmdoZVlPc21WRjFFamdxT2I2Zw?oc=5,https://news.google.com/rss/articles/CBMi7wFBVV95cUxPWDgtY1V1UUdmX2pDTGpncDVabHhLVzB6bWhITG5JdnBFQXlDTDhGSmt0TXc4Y3lWaUxDZXJBQXN6NFlKcS1aX1JoYjRkR0xwVWxuZXAxT3R6RjFxYWxTOUlDR3JadmNpbzE5V0RsQTBPUzdKYk05MnFXRmVWU3RDNkpmUXhIS3RZeUh5emRrNGM3cks5XzBacTBmalZGa3Rnc0U5TWRPWDRfcVVnRXowb256dTFnY1pyZ0I1Z1lZMGV6ZjBwejlERDhqbXRqdzgtZkRNRXcxcEhuQW1KZmdoZVlPc21WRjFFamdxT2I2Zw?oc=5
21,SJVN,"Reliance, Jindal, SAEL, Sembcorp, JBM, Hindustan Power Win SJVN’s 1200 MW Solar Plus ESS Auction - energetica-india.net",Solar,1200.0,,SAEL; Sembcorp,,,2027-05-12,8,24 months from award (Solar),Press report - verify,,2025-05-12,https://news.google.com/rss/articles/CBMixgFBVV95cUxOWTIwdUt1NEh4NFZYb3M4RFBjMXM3ZWxfbXFHdlVnU0JUbEpMRUlFWUdRanBmWm5GSWJLMkVrcTRXejlKWDd1bDl2SjJBZHF2NUZ1YVd6NXZrd0hDNlhPa3FiRTRlOWFBVnBzbl9ralRyRUp6OWRYbHc4M1M1MWt4V0E4d2taeVEyM1pzOEt2OUpyT0ljdExwaHNoeHA3ZWw0NmxqTTVQd05ha0JGUWRBUFNGaXBlejZNWWxUQXlFU295Vkp1alE?oc=5,https://news.google.com/rss/articles/CBMixgFBVV95cUxOWTIwdUt1NEh4NFZYb3M4RFBjMXM3ZWxfbXFHdlVnU0JUbEpMRUlFWUdRanBmWm5GSWJLMkVrcTRXejlKWDd1bDl2SjJBZHF2NUZ1YVd6NXZrd0hDNlhPa3FiRTRlOWFBVnBzbl9ralRyRUp6OWRYbHc4M1M1MWt4V0E4d2taeVEyM1pzOEt2OUpyT0ljdExwaHNoeHA3ZWw0NmxqTTVQd05ha0JGUWRBUFNGaXBlejZNWWxUQXlFU295Vkp1alE?oc=5
22,NHPC,"Reliance, PNC Infratech, SAEL, JBM and Navayuga Win NHPC’s 1,200 MW Solar Plus 600 MW ESS Auction - Energetica India Magazine",Solar,1200.0,,SAEL,,,2027-07-16,10,24 months from award (Solar),Press report - verify,,2025-07-16,https://news.google.com/rss/articles/CBMiyAFBVV95cUxPQ2FWVi16ckp1WnV5blAwOXBnWG1aOE5VdFY4azJuMUgtbzFjSVV6UmY0ZGgyX0kxZkVnQmJSaGZaWVpXcFdPM3kwMHFzLXIyU1FxTFh2LXdDdTY4a0tqRTBjZzhHOGZuTEh3RDFTalpJdnREazhwLXh3VjQzZnhtNGxOczdTTVM4WW9IUERYY0pPZjAwWXFhamw4Q1EyUDRmSkVBRmY5Wk1aZFN5UWxUcDNROVdkQjVUdThRSVAyTzhvMFBDSXU5UQ?oc=5,https://news.google.com/rss/articles/CBMiyAFBVV95cUxPQ2FWVi16ckp1WnV5blAwOXBnWG1aOE5VdFY4azJuMUgtbzFjSVV6UmY0ZGgyX0kxZkVnQmJSaGZaWVpXcFdPM3kwMHFzLXIyU1FxTFh2LXdDdTY4a0tqRTBjZzhHOGZuTEh3RDFTalpJdnREazhwLXh3VjQzZnhtNGxOczdTTVM4WW9IUERYY0pPZjAwWXFhamw4Q1EyUDRmSkVBRmY5Wk1aZFN5UWxUcDNROVdkQjVUdThRSVAyTzhvMFBDSXU5UQ?oc=5
23,NHPC,"NHPC Awards 1,200 MW Solar Projects With Storage; Reliance, JBM, PNC, SAEL & Navayuga Among Winners - SolarQuarter",Solar + Storage,1200.0,,SAEL,,,2027-07-16,10,24 months from award (Solar + Storage),Press report - verify,,2025-07-16,https://news.google.com/rss/articles/CBMiyAFBVV95cUxQWmM5RjdvdEdCdlFsVEF5QVIwSkpXTFVHZFVHdXlpVXNOWW54TEJkQmdaLUNyZmlLV0NvdmU4MWFxdlpLNXhyeTM0emVKSmcyb1JNMGx0MVd0WVJEZi1JS181MWxPYnJyaHRVbVRLTkFnbDlpVTZSNXVyQmdXTHo5a3NGRy0yTnZfX21NSkxOV2wtQ1VYbWxYcWdDZ3NEN3hhVGtXT3N5aXBSdW9BU1F4OXN2X2pLSU80dzN5UDRVRnJGS2M5TmJaNw?oc=5,https://news.google.com/rss/articles/CBMiyAFBVV95cUxQWmM5RjdvdEdCdlFsVEF5QVIwSkpXTFVHZFVHdXlpVXNOWW54TEJkQmdaLUNyZmlLV0NvdmU4MWFxdlpLNXhyeTM0emVKSmcyb1JNMGx0MVd0WVJEZi1JS181MWxPYnJyaHRVbVRLTkFnbDlpVTZSNXVyQmdXTHo5a3NGRy0yTnZfX21NSkxOV2wtQ1VYbWxYcWdDZ3NEN3hhVGtXT3N5aXBSdW9BU1F4OXN2X2pLSU80dzN5UDRVRnJGS2M5TmJaNw?oc=5
24,NHPC,"Reliance, SAEL, JBM, PNC, Navayuga Win NHPC’s 1.2 GW Solar Plus Storage Auction - Mercomindia.com",Solar + Storage,1200.0,,SAEL,,,2027-09-03,12,24 months from award (Solar + Storage),Press report - verify,,2025-09-03,https://news.google.com/rss/articles/CBMinwFBVV95cUxQZzhkbHc0aGVOVHR4RzY0elVLekRfSk1oNHc3STl3VWJaYmxsU0xzZHdNOXZNeTdubk5IdGdDT3dieVNpUXRlMTdGQ1hNbzQ1V0FmMC1Kdlh6ZnNtWWR0RG4yaHZKTWc3YnJZOXhhRXJPX0lZRC1oUi1RSVp0UHZ5RkJEcFM1eThmbDBBbmdFUndyQlRZTnpQX2xHVUpoXzg?oc=5,https://news.google.com/rss/articles/CBMinwFBVV95cUxQZzhkbHc0aGVOVHR4RzY0elVLekRfSk1oNHc3STl3VWJaYmxsU0xzZHdNOXZNeTdubk5IdGdDT3dieVNpUXRlMTdGQ1hNbzQ1V0FmMC1Kdlh6ZnNtWWR0RG4yaHZKTWc3YnJZOXhhRXJPX0lZRC1oUi1RSVp0UHZ5RkJEcFM1eThmbDBBbmdFUndyQlRZTnpQX2xHVUpoXzg?oc=5
25,SECI,RfS for Setting up of 1200 MW ISTS-connected Solar PV Power Projects with 600 MW/3600 MWh ESS in India (SECI-ISTS-XXI),Solar,1200.0,,ENGIE; NLC India; Rays Power,,,2028-01-09,16,24 months from award (Solar),Press report - verify,SECI/C&P/IPP/11/0006/25-26,2026-01-09,https://www.seci.co.in/tender-details/YmJz,https://news.google.com/rss/articles/CBMi5wFBVV95cUxPMXVXMk1IRE5iUURFdE9WT05vSTJ6cXluRm5nN2l6N1pZSm5Wbjg3S08wdDFGRm4zTmZYemQyQW05VWhjS2k1SjFZOUZoazlYQkZOU3dqUFA4QXB0WWNEYXAzQmRmX0FObkJaWW9Zb0hnYVI5cUZiXzM1Z0YwZHhKRmJ4SFNTd015c0F3TGs4MlpGX3ZzdDJhTXZtOEdsVWJkN19fVWRxS0U5UlF1TENqb0tmQ0FzWVVUa2EzUUlRY1luZTN6UlYtT0xtSXZZelJsTTNiNVE3bXlsWXJSRXZqVm9qSWdVYkU?oc=5
26,SECI,RfS for Setting up of 1200 MW ISTS-connected Solar PV Power Projects with 600 MW/3600 MWh ESS in India (SECI-ISTS-XXI),Solar,1200.0,,ENGIE; NLC India; Rays Power,,,2028-01-09,16,24 months from award (Solar),Press report - verify,SECI/C&P/IPP/11/0006/25-26,2026-01-09,https://www.seci.co.in/tender-details/YmJz,https://news.google.com/rss/articles/CBMi5wFBVV95cUxPMXVXMk1IRE5iUURFdE9WT05vSTJ6cXluRm5nN2l6N1pZSm5Wbjg3S08wdDFGRm4zTmZYemQyQW05VWhjS2k1SjFZOUZoazlYQkZOU3dqUFA4QXB0WWNEYXAzQmRmX0FObkJaWW9Zb0hnYVI5cUZiXzM1Z0YwZHhKRmJ4SFNTd015c0F3TGs4MlpGX3ZzdDJhTXZtOEdsVWJkN19fVWRxS0U5UlF1TENqb0tmQ0FzWVVUa2EzUUlRY1luZTN6UlYtT0xtSXZZelJsTTNiNVE3bXlsWXJSRXZqVm9qSWdVYkU?oc=5
27,NLC India,"ENGIE, NLC India, Rays Power & Oriana Bag SECI 1200 MW Solar With 6-Hr BESS Tender - Saur Energy",Solar + Storage,1200.0,,ENGIE; Rays Power; SECI,,,2028-01-09,16,24 months from award (Solar + Storage),Press report - verify,,2026-01-09,https://news.google.com/rss/articles/CBMizAFBVV95cUxNYXV1cGxJd1JXTE1ISllpalAyMzFkNUI4YV9zQ010dkhOeUZfLVJiN2hYblN2SktIVmlrbk5vcENmUXFDOTFDQjh2UllVWlItMjItMHgwc28tdmlNajNIZ09oSjEtZXlrd19wWFkzUXRhN3BNbjZqcG1rMzl1R2g1UHNSeC1zakt6Smw1NktFUWZ3TTUwUEVzcVlsSW1pZlZZaVpzVjVhUE1hSWJBUm5GdktfYWx1UUkxLXZ3THhlQUJucHJ5LXpycDB0R00?oc=5,https://news.google.com/rss/articles/CBMizAFBVV95cUxNYXV1cGxJd1JXTE1ISllpalAyMzFkNUI4YV9zQ010dkhOeUZfLVJiN2hYblN2SktIVmlrbk5vcENmUXFDOTFDQjh2UllVWlItMjItMHgwc28tdmlNajNIZ09oSjEtZXlrd19wWFkzUXRhN3BNbjZqcG1rMzl1R2g1UHNSeC1zakt6Smw1NktFUWZ3TTUwUEVzcVlsSW1pZlZZaVpzVjVhUE1hSWJBUm5GdktfYWx1UUkxLXZ3THhlQUJucHJ5LXpycDB0R00?oc=5
28,NLC India,"Engie, NLC, Rays Power Infra, Oriana Power Win SECI’s 1200 MW Solar Plus 3,600 MWh ESS Auction - Energetica India Magazine",Solar,1200.0,,Engie; Rays Power; SECI,,,2028-01-12,16,24 months from award (Solar),Press report - verify,,2026-01-12,https://news.google.com/rss/articles/CBMixgFBVV95cUxPeEM5YU43UWJjTGQ2OE5pLS1HaHVNdkpzNkNPcUdUVUhzN3JxSFdmWU5FODMwYUhXZ0w0eGRKbGdCNV9tQ1dzdEJ0RDc5OUhGdmY2VFk3bFQtMlVpNkJSV1V6R1MtMTllenlKNGNmYTZwZkpMN1NqWklDci1NVUx3eFZqZS1jTkhkUkFMdHJsS3NGZTN0WXFmcGNiRlZRQTJkTXNaZF9GajJNMFhlSm5RTk1ObG54a09rb1ZsYWJia1lJMVhMU0E?oc=5,https://news.google.com/rss/articles/CBMixgFBVV95cUxPeEM5YU43UWJjTGQ2OE5pLS1HaHVNdkpzNkNPcUdUVUhzN3JxSFdmWU5FODMwYUhXZ0w0eGRKbGdCNV9tQ1dzdEJ0RDc5OUhGdmY2VFk3bFQtMlVpNkJSV1V6R1MtMTllenlKNGNmYTZwZkpMN1NqWklDci1NVUx3eFZqZS1jTkhkUkFMdHJsS3NGZTN0WXFmcGNiRlZRQTJkTXNaZF9GajJNMFhlSm5RTk1ObG54a09rb1ZsYWJia1lJMVhMU0E?oc=5
29,SECI,RfS for Setting up of 1200 MW ISTS-Connected Wind Power Projects in India (SECI-Tranche-XIX),Wind,1200.0,,Waaree; KP Energy; Vena Energy,,,2028-02-05,17,24 months from award (Wind),Press report - verify,SECI/C&P/IPP/12/0013/25-26,2026-02-05,https://www.seci.co.in/tender-details/YmB1,https://news.google.com/rss/articles/CBMiywFBVV95cUxPRUh3ejNCaUhzWHQ0Wk8wSTFIb2pZTmRrd3FhYk5rNGRfcG5fTVYwbHNOd2lKelpQVUREMXFXaVhhYVRSNExVc2JTMDlHRXdWQUdMTUZabDRkaGdSc1FidF9iNVdxMHF0U1U2NTQ5Mlg1UEp2QUZEZ2lWWHZ2c216MTI3anU3eDRMcENUV2ZqdkszV1RDS2Y3aTA1WGF4UEhrX0Z6MkhldUVHaUFneHpYOEQ4OF9URk1PUHVRT0l2NnFjNXFjVmtHdWZvMNIB0AFBVV95cUxNS2ZmakVoY1dXMjdfY21KMHFiN2ZrOHRsQVBoWVZhUGQtWGJORWFrMk5QcWJyenJlVG84Rl83OTkxTmNPZUNKdXd0TG9vN29tVGZ5YmFZbUNGYUJ0elhwRlJKSVNyVXFtbllULVRYWVp4Wm10M1hERWFGWXNIQy1FYW12WHFFcjZzTUJZay1Zd21ReDhSaldQRnZWZlBRT0E1YzJpdll1ME82N3hsLWI5SjhlT3RlNnd0TVp6VTJnTnFmSUFZb3JBNnpyNm1qTjlm?oc=5
30,SECI,RfS for Setting up of 1200 MW ISTS-Connected Wind Power Projects in India (SECI-Tranche-XIX),Wind,1200.0,,Waaree; KP Energy; Vena Energy,,,2028-02-05,17,24 months from award (Wind),Press report - verify,SECI/C&P/IPP/12/0013/25-26,2026-02-05,https://www.seci.co.in/tender-details/YmB1,https://news.google.com/rss/articles/CBMiywFBVV95cUxPRUh3ejNCaUhzWHQ0Wk8wSTFIb2pZTmRrd3FhYk5rNGRfcG5fTVYwbHNOd2lKelpQVUREMXFXaVhhYVRSNExVc2JTMDlHRXdWQUdMTUZabDRkaGdSc1FidF9iNVdxMHF0U1U2NTQ5Mlg1UEp2QUZEZ2lWWHZ2c216MTI3anU3eDRMcENUV2ZqdkszV1RDS2Y3aTA1WGF4UEhrX0Z6MkhldUVHaUFneHpYOEQ4OF9URk1PUHVRT0l2NnFjNXFjVmtHdWZvMNIB0AFBVV95cUxNS2ZmakVoY1dXMjdfY21KMHFiN2ZrOHRsQVBoWVZhUGQtWGJORWFrMk5QcWJyenJlVG84Rl83OTkxTmNPZUNKdXd0TG9vN29tVGZ5YmFZbUNGYUJ0elhwRlJKSVNyVXFtbllULVRYWVp4Wm10M1hERWFGWXNIQy1FYW12WHFFcjZzTUJZay1Zd21ReDhSaldQRnZWZlBRT0E1YzJpdll1ME82N3hsLWI5SjhlT3RlNnd0TVp6VTJnTnFmSUFZb3JBNnpyNm1qTjlm?oc=5
31,SECI,"KP Energy, Waaree, Zelestra, Purvah Green Among Winners in SECI’s 1,200 MW Wind Power Auction - Energetica India Magazine",Wind,1200.0,,KP Energy; Waaree; Purvah Green,,,2028-02-05,17,24 months from award (Wind),Press report - verify,,2026-02-05,https://news.google.com/rss/articles/CBMixAFBVV95cUxONVlGN2NBUnV4UXlKVm1WYWFLa1VuT1hQUDRFdTZaNWVoSUtvVnVodXd4U2JqMVFaQUV2N0liVXNqd0k0cjVfZU0zOV9pcmNJZ1ZyZ1RvWHotLXZzSlRONjA1ZVNqVW1acFl6LTJqR1RJSEdDTjRWejFYM0lRRHZDR2NLM2tjNjAzMjY4cUFXSWdsTl9SUFpaM2dqV3o3SVVJUmpNRFJLMUNZZFJhMVFwbWwyRmhJTl94enp1TzFwSTBqMkQ2?oc=5,https://news.google.com/rss/articles/CBMixAFBVV95cUxONVlGN2NBUnV4UXlKVm1WYWFLa1VuT1hQUDRFdTZaNWVoSUtvVnVodXd4U2JqMVFaQUV2N0liVXNqd0k0cjVfZU0zOV9pcmNJZ1ZyZ1RvWHotLXZzSlRONjA1ZVNqVW1acFl6LTJqR1RJSEdDTjRWejFYM0lRRHZDR2NLM2tjNjAzMjY4cUFXSWdsTl9SUFpaM2dqV3o3SVVJUmpNRFJLMUNZZFJhMVFwbWwyRmhJTl94enp1TzFwSTBqMkQ2?oc=5
32,SECI,"SECI Awards 1.2 GW/4.8 GWh FDRE-VII Peak Power Tender To Serentica Renewables, Adyant Enerso, AMPIN Energy, And ACME Solar - solarquarter.com",Solar,1200.0,,Serentica; Renew; AMPIN Energy; ACME Solar,,,2028-02-06,17,24 months from award (Solar),Press report - verify,,2026-02-06,https://news.google.com/rss/articles/CBMi4gFBVV95cUxNVDNZY3dONm1qaW95LUJQM3Z2NlY2bVVfc3lKZ19DVHZfRDhXcVZ1V1BBdnBWc0V3dWkwUW10YWFOa1ktWE5EOXowSEVqWDlKaFBVSkR3eEpHWi14S0h1dWtrcjhqWThFSXVpcktzSTNIclNucjN3VGpnM05XVzJEZThGX2xTbkFHZTQ5bW9wU0w0akJGVDVFYlhiUVVzd0doaG9UVG1fOUllZDNJNW1OY1JLejk5ZEJKVC1MM3JIeUl1QTR6cjkyQTlua3hkekpfdVo3TlVCUDFDMklnczB5VjhB?oc=5,https://news.google.com/rss/articles/CBMi4gFBVV95cUxNVDNZY3dONm1qaW95LUJQM3Z2NlY2bVVfc3lKZ19DVHZfRDhXcVZ1V1BBdnBWc0V3dWkwUW10YWFOa1ktWE5EOXowSEVqWDlKaFBVSkR3eEpHWi14S0h1dWtrcjhqWThFSXVpcktzSTNIclNucjN3VGpnM05XVzJEZThGX2xTbkFHZTQ5bW9wU0w0akJGVDVFYlhiUVVzd0doaG9UVG1fOUllZDNJNW1OY1JLejk5ZEJKVC1MM3JIeUl1QTR6cjkyQTlua3hkekpfdVo3TlVCUDFDMklnczB5VjhB?oc=5
33,SECI,SECI concludes 1.2 GW/4.8 GWh renewables-plus-storage tender at $0.07/kWh - ess-news.com,Unclassified,1200.0,,renew,,,2028-02-06,17,24 months from award (default),Press report - verify,,2026-02-06,https://news.google.com/rss/articles/CBMirgFBVV95cUxQOUgwSkFPWl9UX0VLTU85S2FUSEJMd2Q5SkZzU3dNdUM0MEFjSEdrenFWQUpoWTM2bE42TGxfQm95cDd6dE5VVDNEWTVobTBvSDM0LU1jbUo4Ym9NNUx6WDlmWGxwYTRqRjdveF9SazVFNXNtRGZFRWk0NmZraENwSktDNEZVd3ZRYnJjOWF6d1pkQWZLNHdERTdxZ01sQWVSZlloUDJtTGFEaDI4TWc?oc=5,https://news.google.com/rss/articles/CBMirgFBVV95cUxQOUgwSkFPWl9UX0VLTU85S2FUSEJMd2Q5SkZzU3dNdUM0MEFjSEdrenFWQUpoWTM2bE42TGxfQm95cDd6dE5VVDNEWTVobTBvSDM0LU1jbUo4Ym9NNUx6WDlmWGxwYTRqRjdveF9SazVFNXNtRGZFRWk0NmZraENwSktDNEZVd3ZRYnJjOWF6d1pkQWZLNHdERTdxZ01sQWVSZlloUDJtTGFEaDI4TWc?oc=5
34,NHPC,NHPC Awards 1.2 GW Jalaun Solar Park Project At ₹2.73/kWh To Coal India And NLC India Renewables - SolarQuarter,Solar,1200.0,,NLC India; Renew,,,2028-07-02,22,24 months from award (Solar),Press report - verify,,2026-07-02,https://news.google.com/rss/articles/CBMi2AFBVV95cUxPNjVrVktSeUhnMndQWnJGTm5VWldHbG5pc2FsbTJaZmExdjh4TGdydHBiXy1KYWo2RElNM1ozNFJzblppNjdJN25mX1FXNXg4Sm83TU9MYk1ZUHQxOWw0R1J0RDRqRVVta3VqcjhLd3BpSEV2cVdTdWtuU0ViaVhPR1BveUdkM3A4RXdSSEVXMXVJdkl5WWRtMTUtWEg0RmptRVBlblFLaU5hZi1iYVdpRW5lZHp3V1N2QWpEUzk1RGhsWTk0QUZxUXZGS0ZCX3BCQlhvSmtVMno?oc=5,https://news.google.com/rss/articles/CBMi2AFBVV95cUxPNjVrVktSeUhnMndQWnJGTm5VWldHbG5pc2FsbTJaZmExdjh4TGdydHBiXy1KYWo2RElNM1ozNFJzblppNjdJN25mX1FXNXg4Sm83TU9MYk1ZUHQxOWw0R1J0RDRqRVVta3VqcjhLd3BpSEV2cVdTdWtuU0ViaVhPR1BveUdkM3A4RXdSSEVXMXVJdkl5WWRtMTUtWEg0RmptRVBlblFLaU5hZi1iYVdpRW5lZHp3V1N2QWpEUzk1RGhsWTk0QUZxUXZGS0ZCX3BCQlhvSmtVMno?oc=5
35,NHPC,"Coal India, NLC India Renewables Win NHPC’s 1,200 MW Solar Auction in Uttar Pradesh - Energetica India Magazine",Solar,1200.0,Uttar Pradesh,NLC India; Renew,,,2028-07-04,22,24 months from award (Solar),Press report - verify,,2026-07-04,https://news.google.com/rss/articles/CBMiugFBVV95cUxNQ3lpeGJXclUwN3g3QUVBOU5BcVlhQVdoVUNXd2dMcUpQaG9kTXMtSHlqWjhIRTl5MDI1ZzBQUEFsbWpUcDhkUFdRWTZ2c3NwWUUzaF9McTJWWG84TXM0eTVzaElrQUplR083bGVRSXRQNUx2TzA2YkxDZ090a1AwUXlXM3pfdmpvWl85eXNva2YzeHdrV1BkSml1U2RyYmZWZ21NNGJLQUhYN0QzUWVJNWhUNnJLbFNndEE?oc=5,https://news.google.com/rss/articles/CBMiugFBVV95cUxNQ3lpeGJXclUwN3g3QUVBOU5BcVlhQVdoVUNXd2dMcUpQaG9kTXMtSHlqWjhIRTl5MDI1ZzBQUEFsbWpUcDhkUFdRWTZ2c3NwWUUzaF9McTJWWG84TXM0eTVzaElrQUplR083bGVRSXRQNUx2TzA2YkxDZ090a1AwUXlXM3pfdmpvWl85eXNva2YzeHdrV1BkSml1U2RyYmZWZ21NNGJLQUhYN0QzUWVJNWhUNnJLbFNndEE?oc=5
36,UPPCL,"NTPC Green Energy bags 1,000 MW solar project in UPPCL auction, signs PPA at Rs 2.56/kWh - financialexpress.com",Solar,1000.0,,NTPC Green,,,2027-06-05,9,24 months from award (Solar),Press report - verify,,2025-06-05,https://news.google.com/rss/articles/CBMi3gFBVV95cUxOZ1lnMGJxaXFIU2pNREdyTXJDeXl4YzZOblZtQmY1dUJKQXFyRm51Y1RDRm5qU3RJSHk5cGNQeWt5ekFJb09zazE3OVB5TksycFBHZDFFVmpIcVVfalZWZ0EzbkMyMWNwMWxIZUxnTlV3dzlmem9tXzNHV1RlTzFzVUNCNkZNbkdhZEVLS29OUVhkNWtNdlYxTk1yd3Z6R29zUnIweGdIcG1YcDFUZkp0bHpRQnlYQlJiZjhvWWFMc1UxaUNnWVFNU09ZWnd3WGRod0lCMEVrbm1ZcC1XMnfSAeQBQVVfeXFMUG5tLWJwaEE0OXdVMXJYSUo1dGZxUTUwVi1HUjNFZTVfOXhmSEtTZHhjcFBmaWk5VUNKeTVkQWNRVTc5dHpuZHJTc3pTTFYwRXF1Wm5zWGEtS2l4QzI0d2swbEpEWFlpN21xYUxwLUZqQ0VSX24waWRiOEFvamY2ZXlPTlIwSU03MEZYUmJ0TENVaFRqRmlNSFZzbVdEQ3VLOEhsandpM0gwdGVLUXZjQU5sQkVzNU15Y3JGeExBM0ROa2cxTm9MbjFGRjQ5OS1EaVVMSmJMeGFDR1pWeFFZQnJfU2Fw?oc=5,https://news.google.com/rss/articles/CBMi3gFBVV95cUxOZ1lnMGJxaXFIU2pNREdyTXJDeXl4YzZOblZtQmY1dUJKQXFyRm51Y1RDRm5qU3RJSHk5cGNQeWt5ekFJb09zazE3OVB5TksycFBHZDFFVmpIcVVfalZWZ0EzbkMyMWNwMWxIZUxnTlV3dzlmem9tXzNHV1RlTzFzVUNCNkZNbkdhZEVLS29OUVhkNWtNdlYxTk1yd3Z6R29zUnIweGdIcG1YcDFUZkp0bHpRQnlYQlJiZjhvWWFMc1UxaUNnWVFNU09ZWnd3WGRod0lCMEVrbm1ZcC1XMnfSAeQBQVVfeXFMUG5tLWJwaEE0OXdVMXJYSUo1dGZxUTUwVi1HUjNFZTVfOXhmSEtTZHhjcFBmaWk5VUNKeTVkQWNRVTc5dHpuZHJTc3pTTFYwRXF1Wm5zWGEtS2l4QzI0d2swbEpEWFlpN21xYUxwLUZqQ0VSX24waWRiOEFvamY2ZXlPTlIwSU03MEZYUmJ0TENVaFRqRmlNSFZzbVdEQ3VLOEhsandpM0gwdGVLUXZjQU5sQkVzNU15Y3JGeExBM0ROa2cxTm9MbjFGRjQ5OS1EaVVMSmJMeGFDR1pWeFFZQnJfU2Fw?oc=5
37,SECI,"Hero Future, Rays Power, Resolven, Hexa, Juniper Among Winners in SECI’s 1 GW FDRE Auction - Energetica India Magazine",Unclassified,1000.0,,Hero Future; Rays Power; Resolven; Hexa; Juniper,,,2028-08-07,23,24 months from award (default),Press report - verify,,2026-08-07,https://news.google.com/rss/articles/CBMiwAFBVV95cUxQcElNVl96N25sc2xRdHRRTUhMZ2lJM1lHZUl1dU03Q0ZGME9RbHZaWGxBUWtHX1FKTUJ2eEcwS1FDcnAyUHJ5Zm9Yd3BKOE9TTG5WNGpfZFgzb01VOVJZZDExNUxQVWRtWi12Z0xQS1lkcjFYOFdDLWpMQ3lXcjVpTVhMNlp0cVdYdWZPRVhCVjRnV3VORTIzSUM3UzdHREp4U0hmcVQwVjJlY1VQRXlRc242MFNJUUVmdGJNMEpYelY?oc=5,https://news.google.com/rss/articles/CBMiwAFBVV95cUxQcElNVl96N25sc2xRdHRRTUhMZ2lJM1lHZUl1dU03Q0ZGME9RbHZaWGxBUWtHX1FKTUJ2eEcwS1FDcnAyUHJ5Zm9Yd3BKOE9TTG5WNGpfZFgzb01VOVJZZDExNUxQVWRtWi12Z0xQS1lkcjFYOFdDLWpMQ3lXcjVpTVhMNlp0cVdYdWZPRVhCVjRnV3VORTIzSUM3UzdHREp4U0hmcVQwVjJlY1VQRXlRc242MFNJUUVmdGJNMEpYelY?oc=5
38,SECI,Juniper Green Energy Emerges Winner in 1 GW SECI FDRE Tender - Energetica India Magazine,Round-the-Clock / CfD / Trading,1000.0,,Juniper Green,,,2028-08-10,23,24 months from award (Round-the-Clock / CfD / Trading),Press report - verify,,2026-08-10,https://news.google.com/rss/articles/CBMioAFBVV95cUxNTHN2c0tRbUZTTENZR21jNnBIVDVzNXJ4OFNHZk1Ud25SRUhidWRuclFIVWhNLTZwWFhGSS1VQzV4QU1Sc0E3X2NtZkh3aFd4M2RJa2dXNWNVTjEwMEI2SmljTHlXeGFUQXl0RVA1cDFRSExkMkJPa2F4bHc0VklCdTh5LUd1NWRUR0QyY3dSSnJyUzgwMG1tQUdTNldOTGpZ?oc=5,https://news.google.com/rss/articles/CBMioAFBVV95cUxNTHN2c0tRbUZTTENZR21jNnBIVDVzNXJ4OFNHZk1Ud25SRUhidWRuclFIVWhNLTZwWFhGSS1VQzV4QU1Sc0E3X2NtZkh3aFd4M2RJa2dXNWNVTjEwMEI2SmljTHlXeGFUQXl0RVA1cDFRSExkMkJPa2F4bHc0VklCdTh5LUd1NWRUR0QyY3dSSnJyUzgwMG1tQUdTNldOTGpZ?oc=5
39,MPPMCL,Adani Power Wins Additional 800 MW Order from MPPMCL - India Infoline,Unclassified,800.0,,Adani Power,,,2027-09-11,12,24 months from award (default),Press report - verify,,2025-09-11,https://news.google.com/rss/articles/CBMingFBVV95cUxQOVI4RlY5eTdVdXlYZXp0ZmpGN0NBVVpmZkVHM3JiNzJGa2h0elRRMDNzbnpRQWlzOEJ0aldUeEM3a2I0dlhoak5HZTYyZXJwMEJWVjF5R2NsNWFmSXdxVjFnTnVOSXJMVWxrbHRqdEU3bVVUckRCelB2aUNUTGc2ZVgyWDRseEFMYXpUQWoyRmtVNkhCdW5TY0pSMHVlZw?oc=5,https://news.google.com/rss/articles/CBMingFBVV95cUxQOVI4RlY5eTdVdXlYZXp0ZmpGN0NBVVpmZkVHM3JiNzJGa2h0elRRMDNzbnpRQWlzOEJ0aldUeEM3a2I0dlhoak5HZTYyZXJwMEJWVjF5R2NsNWFmSXdxVjFnTnVOSXJMVWxrbHRqdEU3bVVUckRCelB2aUNUTGc2ZVgyWDRseEFMYXpUQWoyRmtVNkhCdW5TY0pSMHVlZw?oc=5
40,MPPMCL,"Adani Power wins additional 800 MW LoA from MPPMCL, total at 1,600 MW - Business Standard",Unclassified,800.0,,Adani Power,,,2027-09-11,12,24 months from award (default),Press report - verify,,2025-09-11,https://news.google.com/rss/articles/CBMiuwFBVV95cUxNb0h2S0VISE1SQUV4RVlwb0VFeVh4T2M4SmlFY3lkX0ZRM0xMOU5kOTY4U01LalJHQ0dyRjBMTUFoU3VzT21TdnVVSE1nUk83SnNfcjJNLThzZ2pvcmI2MDRUZlB1OHdoU0JvMzdYbU9zdHBNOHRUTkRRTGVScGRtYU1jN05MSUt1UU1uSVdWWjZpdDBrYWxTVjQzazNqN2FGRmo1MVlSTEtkcjNKVU5aRVZLaDdhTWxSaEt30gHAAUFVX3lxTE5jV0F4Z01POGhfdUpfRkV6QnJFWlZ2anRzdVZPZmh6RWxMUjZKNVl4bnBBbkRDYlJDY1VUN0xnaDAxd2lPOXZEcnFOSU9OcFhDUWNDTlMwU1pReVZrRDZSX0JveVhsdTlyZGozLW02Zmx0ajdKZ0RYVTlMMWl2T1E4aFRzSDBQWU5ELURfWnBhTmQ3YmxzRTRzYWF2c0swOEZNbjFnOG5va1N2dXBKdTVpWUxBZnZXaE5tWG53bTN1SA?oc=5,https://news.google.com/rss/articles/CBMiuwFBVV95cUxNb0h2S0VISE1SQUV4RVlwb0VFeVh4T2M4SmlFY3lkX0ZRM0xMOU5kOTY4U01LalJHQ0dyRjBMTUFoU3VzT21TdnVVSE1nUk83SnNfcjJNLThzZ2pvcmI2MDRUZlB1OHdoU0JvMzdYbU9zdHBNOHRUTkRRTGVScGRtYU1jN05MSUt1UU1uSVdWWjZpdDBrYWxTVjQzazNqN2FGRmo1MVlSTEtkcjNKVU5aRVZLaDdhTWxSaEt30gHAAUFVX3lxTE5jV0F4Z01POGhfdUpfRkV6QnJFWlZ2anRzdVZPZmh6RWxMUjZKNVl4bnBBbkRDYlJDY1VUN0xnaDAxd2lPOXZEcnFOSU9OcFhDUWNDTlMwU1pReVZrRDZSX0JveVhsdTlyZGozLW02Zmx0ajdKZ0RYVTlMMWl2T1E4aFRzSDBQWU5ELURfWnBhTmQ3YmxzRTRzYWF2c0swOEZNbjFnOG5va1N2dXBKdTVpWUxBZnZXaE5tWG53bTN1SA?oc=5
41,GUVNL,Welspun and NLC India Achieve INR 2.34/Unit Discovered Tariff in GUVNL 625 MW Solar Auction - energetica-india.net,Solar,625.0,,NLC India,,,2028-03-18,18,24 months from award (Solar),Press report - verify,,2026-03-18,https://news.google.com/rss/articles/CBMixgFBVV95cUxPYk5yXzl6LTc4SjhhaDJlQy11VHVyeG9Yd1NRd29fbVlGY1R4ZlZqdFhlQzdQeEI1cjF3NDBOLV9jaEFkWTJfelQwaldYM3BKMmw2NFRWeE5aTHhiWjN2cXp6M0xLZ0kxaVJxUnVGSkdaVGhRcUx1TE1adXdPRURSbVFsc1pXUXZ2Vkhyb1Z4ZHFKLUtuX3ZyY2RaRG9vbHVTVG9JM0JNTk14T0FKRzdyaVNXN0dZQTVTdlFyT05NeVdZY2lxTnc?oc=5,https://news.google.com/rss/articles/CBMixgFBVV95cUxPYk5yXzl6LTc4SjhhaDJlQy11VHVyeG9Yd1NRd29fbVlGY1R4ZlZqdFhlQzdQeEI1cjF3NDBOLV9jaEFkWTJfelQwaldYM3BKMmw2NFRWeE5aTHhiWjN2cXp6M0xLZ0kxaVJxUnVGSkdaVGhRcUx1TE1adXdPRURSbVFsc1pXUXZ2Vkhyb1Z4ZHFKLUtuX3ZyY2RaRG9vbHVTVG9JM0JNTk14T0FKRzdyaVNXN0dZQTVTdlFyT05NeVdZY2lxTnc?oc=5
42,NLC India,Welspun Renewable And NLC India Renewables Win GUVNL 625 MW Solar Auction At ₹2.34/kWh - SolarQuarter,Solar,625.0,,Renew,,,2028-03-20,18,24 months from award (Solar),Press report - verify,,2026-03-20,https://news.google.com/rss/articles/CBMiywFBVV95cUxPRnA1T1VySmM2UG5KQUhtaXJnUDlhcWpJTnJaSVVBd1gtcUpneWprN3hTbUxSUWhsbVItQ3h4cEE1a296QkxJRDNjWS16LTFaMEJkVjZEejdrS25BREJBal9aU1dpaHNOa1hnUjdWMVBwQmJaNWI4WkpDNjdhTnFsWUNPNnNRUDY4RzVVaXJxRzNGZTNKNk85eGpiOGVxNUZ4bnlfSXp2RFpCekt6ZXZQeXZiRXRuWW15NkxOZlBDcUZhZU5ieWlZUHVTcw?oc=5,https://news.google.com/rss/articles/CBMiywFBVV95cUxPRnA1T1VySmM2UG5KQUhtaXJnUDlhcWpJTnJaSVVBd1gtcUpneWprN3hTbUxSUWhsbVItQ3h4cEE1a296QkxJRDNjWS16LTFaMEJkVjZEejdrS25BREJBal9aU1dpaHNOa1hnUjdWMVBwQmJaNWI4WkpDNjdhTnFsWUNPNnNRUDY4RzVVaXJxRzNGZTNKNk85eGpiOGVxNUZ4bnlfSXp2RFpCekt6ZXZQeXZiRXRuWW15NkxOZlBDcUZhZU5ieWlZUHVTcw?oc=5
43,SJVN,"KP Group, UPC Renewables, Datta Infra, Resolven Win SJVN’s 600 MW Wind Auction - Energetica India Magazine",Wind,600.0,,Renew; Resolven,,,2028-03-02,18,24 months from award (Wind),Press report - verify,,2026-03-02,https://news.google.com/rss/articles/CBMisgFBVV95cUxOMGI3eS1uaklneERJQnc5bjJ2QlZsUXdlbW5aVlFnOHF0WTRCSUV0ZGJEc1g4QURZX2FMb2NMVmhhZG9iS0hzSGZ0UXNxb0pnOTVWS1g1bVBtRWJKU1NXRmRPUmxfaUZsR3dpX19lYk9wRW92WXBwSGU1WHo5SXFNS1VUOEhESFdpRDhROFlKelpiWmdSZDZwUFdFeHppbldmUnpTWUFVLXZVblJXOWdjN2p3?oc=5,https://news.google.com/rss/articles/CBMisgFBVV95cUxOMGI3eS1uaklneERJQnc5bjJ2QlZsUXdlbW5aVlFnOHF0WTRCSUV0ZGJEc1g4QURZX2FMb2NMVmhhZG9iS0hzSGZ0UXNxb0pnOTVWS1g1bVBtRWJKU1NXRmRPUmxfaUZsR3dpX19lYk9wRW92WXBwSGU1WHo5SXFNS1VUOEhESFdpRDhROFlKelpiWmdSZDZwUFdFeHppbldmUnpTWUFVLXZVblJXOWdjN2p3?oc=5
44,NLC India,NLC India Secures 600 MW Solar Award in UP Scaling Renewable Energy Pipeline - Sahi,Solar,600.0,,Renew,,,2028-07-01,22,24 months from award (Solar),Press report - verify,,2026-07-01,https://news.google.com/rss/articles/CBMitgFBVV95cUxPWndycnlhenM0NU1ybDl5Mk1LX3BGQzYtUVNjeVl2R2tLLU16Q05GdTZxS1RCX0VZV0UwTVdhajJacVBjN3JJcmtpNVpvbXhtRFFzQnU3cVdGdXA4bXQ4ZlVSN3ExX3Q3WWFHZ2xsWlp0Z25leFBvbURDR1B2X2Zya25pOVR2T3hkRFROV2Vmal9xRnMzbEtvVzRDVjNIcGhHVVg4UUxvQmhGRUxJNml3aVNmYlRKUQ?oc=5,https://news.google.com/rss/articles/CBMitgFBVV95cUxPWndycnlhenM0NU1ybDl5Mk1LX3BGQzYtUVNjeVl2R2tLLU16Q05GdTZxS1RCX0VZV0UwTVdhajJacVBjN3JJcmtpNVpvbXhtRFFzQnU3cVdGdXA4bXQ4ZlVSN3ExX3Q3WWFHZ2xsWlp0Z25leFBvbURDR1B2X2Zya25pOVR2T3hkRFROV2Vmal9xRnMzbEtvVzRDVjNIcGhHVVg4UUxvQmhGRUxJNml3aVNmYlRKUQ?oc=5
45,NVVN,"NVVN Allocates 500 MW BESS Projects In Rajasthan; Winners Include Stockwell Solar, Oriana Power, Inox, Solar91, And Rays Power - SolarQuarter",Solar + Storage,500.0,Rajasthan,Rays Power,,,2027-06-23,9,24 months from award (Solar + Storage),Press report - verify,,2025-06-23,https://news.google.com/rss/articles/CBMi7wFBVV95cUxPUG5BdGZsNEw4dGQ3X0FMR0Fyd0xxdlNOajRGMl9NWE5jNWJlbFhSb3dLSlJZTGpuV3lLZ3M3X3A2ZlpYd29WeUJSVTRDTEFlN3BJaF9DdGpnSC0ybzBhM1JjN2lubU5UOWNZSnJxM09sQkZwakZCYW9vVF9SZzl3cy1uYlU0OU1wTllWZWN0R1EtbXpmeWZHQl9GQkhCcDk1UlZDSTFQX1hUcEZzVHNYZFRjNU5zMDFibGtWdWNjX2hWTWxXcE02QzZYRU9jX0Vtd01ycjd5M3A4QV9xVUpfb3liOWUzSzM1c3I4dFNkOA?oc=5,https://news.google.com/rss/articles/CBMi7wFBVV95cUxPUG5BdGZsNEw4dGQ3X0FMR0Fyd0xxdlNOajRGMl9NWE5jNWJlbFhSb3dLSlJZTGpuV3lLZ3M3X3A2ZlpYd29WeUJSVTRDTEFlN3BJaF9DdGpnSC0ybzBhM1JjN2lubU5UOWNZSnJxM09sQkZwakZCYW9vVF9SZzl3cy1uYlU0OU1wTllWZWN0R1EtbXpmeWZHQl9GQkhCcDk1UlZDSTFQX1hUcEZzVHNYZFRjNU5zMDFibGtWdWNjX2hWTWxXcE02QzZYRU9jX0Vtd01ycjd5M3A4QV9xVUpfb3liOWUzSzM1c3I4dFNkOA?oc=5
46,NTPC,NTPC Green Energy arm wins 500 MW capacity in SECI peak power tender at ₹6/kWh - CNBC TV18,Unclassified,500.0,,NTPC Green; SECI,,,2028-08-22,23,24 months from award (default),Press report - verify,,2026-08-22,https://news.google.com/rss/articles/CBMi5AFBVV95cUxPY3lma0k4RVZMQTZLS3dMMGZkcDlsMUVaTW9fSVk4RU5UaTJEQmJPSDcyVVJFb0tSem56cUxMcFhkOWF1TjMwd2w4T1o3a2wxYjUySm9ac0ZMSU92eHFkdXVBSUhpY0o2SjFRTE5NZXBFQklHV0lDREdNMDZBYUNNVDZDZmRYcWFNWW1yQ0dsZjg2aUhiWko0QTVRdWRVREVmSVFuYkg1VUVna3dGZHZmVWRnVDhialdyZzVLQ0NNemNQVWJITlFYZU5td3hvMG1iTUoyZmk1RGIwRk5sVGdjRkl5VW3SAeoBQVVfeXFMUFNQNVV5RFZrM2d6RE5qVm9IMGp0Wk5pVDZuS3dtR0RiRlJQNHRpdkxnNlBfODNoZVR4NzJHMmNqZERoakpCS0Y4Qkc0R0txNFFVWm1mNUJjajQ5U0pLQml3YUNrZUxhSjMzaHgxX05JQTlUeHRzWDFjRmJMdVhsNDFINmNlNkM3T0hIVms5VDBZTEtxVV9pbXhsWGhXbFlpQXdINlpQbWREWlZJc1pmdmhJSmZUWWJoY2F4Y1RGSl9kOHZGaVNkbnRCZ2N6QUhoVWd1dWMwVWNNR1VKNE1xR1NnUm1VU1BjU2dR?oc=5,https://news.google.com/rss/articles/CBMi5AFBVV95cUxPY3lma0k4RVZMQTZLS3dMMGZkcDlsMUVaTW9fSVk4RU5UaTJEQmJPSDcyVVJFb0tSem56cUxMcFhkOWF1TjMwd2w4T1o3a2wxYjUySm9ac0ZMSU92eHFkdXVBSUhpY0o2SjFRTE5NZXBFQklHV0lDREdNMDZBYUNNVDZDZmRYcWFNWW1yQ0dsZjg2aUhiWko0QTVRdWRVREVmSVFuYkg1VUVna3dGZHZmVWRnVDhialdyZzVLQ0NNemNQVWJITlFYZU5td3hvMG1iTUoyZmk1RGIwRk5sVGdjRkl5VW3SAeoBQVVfeXFMUFNQNVV5RFZrM2d6RE5qVm9IMGp0Wk5pVDZuS3dtR0RiRlJQNHRpdkxnNlBfODNoZVR4NzJHMmNqZERoakpCS0Y4Qkc0R0txNFFVWm1mNUJjajQ5U0pLQml3YUNrZUxhSjMzaHgxX05JQTlUeHRzWDFjRmJMdVhsNDFINmNlNkM3T0hIVms5VDBZTEtxVV9pbXhsWGhXbFlpQXdINlpQbWREWlZJc1pmdmhJSmZUWWJoY2F4Y1RGSl9kOHZGaVNkbnRCZ2N6QUhoVWd1dWMwVWNNR1VKNE1xR1NnUm1VU1BjU2dR?oc=5
47,SECI,NTPC Renewable Energy Wins 500 MW in SECI Peak Power Auction at ₹6/kWh - Microgrid Media,Unclassified,500.0,,NTPC Renewable,,,2028-08-23,23,24 months from award (default),Press report - verify,,2026-08-23,https://news.google.com/rss/articles/CBMic0FVX3lxTE5ENU1jazA5OGdWbzhnVm5QNG5VS1RqeVgwRVItNkZMQXR1ZGVOcTZ1SUh0X3FaNDg0SGVOc2gxbjlGZ1ltdWFSWnBpRVpXVm9LLW1yRGNVYVhjVVJONVhSZldxOUNIZnRJeF9ob0pndXdjcTQ?oc=5,https://news.google.com/rss/articles/CBMic0FVX3lxTE5ENU1jazA5OGdWbzhnVm5QNG5VS1RqeVgwRVItNkZMQXR1ZGVOcTZ1SUh0X3FaNDg0SGVOc2gxbjlGZ1ltdWFSWnBpRVpXVm9LLW1yRGNVYVhjVVJONVhSZldxOUNIZnRJeF9ob0pndXdjcTQ?oc=5
48,SECI,NTPC REL Wins 500 MW Renewable Energy Contract In SECI Auction At INR 6/kWh - SolarQuarter,Unclassified,500.0,,Renew,,,2028-08-28,23,24 months from award (default),Press report - verify,,2026-08-31,https://news.google.com/rss/articles/CBMisgFBVV95cUxPektoWl94Wk1jVGhWVF92aGo4Y1lGWDlWdE1zdGY0OElMVUZUaHpOREtzb29hNlFKS25sSW41OVMyNEJtR0dPNGRqQUhaaTNZYUhhUUdYUkpybVh2TjR5TzYyUmMyZW0xWktBeGRVdlZVQ2RMdFljV2VNYW9aOW5sMXF2Yjg5VjkyQlRvbFBycVZBY0dhZmpseF9FLWxkRi04cXJWSnFudjE1ZjQ0X21QS1p3?oc=5,https://news.google.com/rss/articles/CBMisgFBVV95cUxPektoWl94Wk1jVGhWVF92aGo4Y1lGWDlWdE1zdGY0OElMVUZUaHpOREtzb29hNlFKS25sSW41OVMyNEJtR0dPNGRqQUhaaTNZYUhhUUdYUkpybVh2TjR5TzYyUmMyZW0xWktBeGRVdlZVQ2RMdFljV2VNYW9aOW5sMXF2Yjg5VjkyQlRvbFBycVZBY0dhZmpseF9FLWxkRi04cXJWSnFudjE1ZjQ0X21QS1p3?oc=5
49,SECI,NTPC Green Energy Arm Wins 500 MW SECI Peak Power Tender - Equitypandit,Unclassified,500.0,,NTPC Green,,,2028-08-24,23,24 months from award (default),Press report - verify,,2026-08-24,https://news.google.com/rss/articles/CBMijwFBVV95cUxOcnlyaUtXamtSbmN6cmhSUjRaVXVfYjBtLTV1dGFRR1FvNkZUSzBKbGYwZEY5QkItbHFKVVA4WWY2bTZxeGhieV9HdEh2emRpVEV2b014X3ZyS2JKZzNIcjlha0loaThVN1ZyOGdPQTN0WFAxVXhHMjRPNE1NUFZzMEw0Ul8xV1hvOERaZW1NZw?oc=5,https://news.google.com/rss/articles/CBMijwFBVV95cUxOcnlyaUtXamtSbmN6cmhSUjRaVXVfYjBtLTV1dGFRR1FvNkZUSzBKbGYwZEY5QkItbHFKVVA4WWY2bTZxeGhieV9HdEh2emRpVEV2b014X3ZyS2JKZzNIcjlha0loaThVN1ZyOGdPQTN0WFAxVXhHMjRPNE1NUFZzMEw0Ul8xV1hvOERaZW1NZw?oc=5
50,SECI,NTPC Renewable Energy wins 500 MW SECI tender at ₹6/kWh tariff - energy.economictimes.indiatimes.com,Unclassified,500.0,,NTPC Renewable,,,2028-08-22,23,24 months from award (default),Press report - verify,,2026-08-22,https://news.google.com/rss/articles/CBMixAFBVV95cUxOTXhUQ3g3bjZtcVRXcXFzTGVLMEF6NS1vT196NmQ2dVYyX0luLWU0cGUzQnpYY1VZMFlJeFhpYTBFMngtMzBwdDl5Z0ZoVVBDYThaWDM4NEh1clhob0JELVR6WWROamIzelkxYlVfTGRSaHVSaTZwNUIwS05JSjh1cVFhckdsNkxuWEZxdWlCdWgwbXhCaDBLb2dLdDNhSXNuc3BZbDZsbXZiLUl3RmZLdWlFUlJSMFc4aE5INEpDWnphLTQ10gHKAUFVX3lxTE1pamJWV2xHZlFMWkMyZXRPXzR1LWxNRnRvdHNLT3VYamQ1bktiU3VGUm85Zm5HbExMMWRsOXZWdGRiSllXTkVBXzE3eDlaRGVWdHV0czQtemVlQzVjMjk3cXJ0VFBfcE54UEJrdkdIYTV3aEVaWGpfSlJ4U3JGTzQ0X2V6NGlCTFA3dENQMTZtaUpYZVFxLUJNN2R3QVBhUzBTRVhpWVRLRTl0QVFqUHg1Yy16UlBNRlRKMDZ0bDlKVERteEgxLUFMUGc?oc=5,https://news.google.com/rss/articles/CBMixAFBVV95cUxOTXhUQ3g3bjZtcVRXcXFzTGVLMEF6NS1vT196NmQ2dVYyX0luLWU0cGUzQnpYY1VZMFlJeFhpYTBFMngtMzBwdDl5Z0ZoVVBDYThaWDM4NEh1clhob0JELVR6WWROamIzelkxYlVfTGRSaHVSaTZwNUIwS05JSjh1cVFhckdsNkxuWEZxdWlCdWgwbXhCaDBLb2dLdDNhSXNuc3BZbDZsbXZiLUl3RmZLdWlFUlJSMFc4aE5INEpDWnphLTQ10gHKAUFVX3lxTE1pamJWV2xHZlFMWkMyZXRPXzR1LWxNRnRvdHNLT3VYamQ1bktiU3VGUm85Zm5HbExMMWRsOXZWdGRiSllXTkVBXzE3eDlaRGVWdHV0czQtemVlQzVjMjk3cXJ0VFBfcE54UEJrdkdIYTV3aEVaWGpfSlJ4U3JGTzQ0X2V6NGlCTFA3dENQMTZtaUpYZVFxLUJNN2R3QVBhUzBTRVhpWVRLRTl0QVFqUHg1Yy16UlBNRlRKMDZ0bDlKVERteEgxLUFMUGc?oc=5
51,SECI,NTPC Renewable Energy wins 500 MW SECI tender at ₹6/kWh tariff - ET EnergyWorld,Unclassified,500.0,,NTPC Renewable,,,2028-08-22,23,24 months from award (default),Press report - verify,,2026-08-22,https://news.google.com/rss/articles/CBMixAFBVV95cUxOTXhUQ3g3bjZtcVRXcXFzTGVLMEF6NS1vT196NmQ2dVYyX0luLWU0cGUzQnpYY1VZMFlJeFhpYTBFMngtMzBwdDl5Z0ZoVVBDYThaWDM4NEh1clhob0JELVR6WWROamIzelkxYlVfTGRSaHVSaTZwNUIwS05JSjh1cVFhckdsNkxuWEZxdWlCdWgwbXhCaDBLb2dLdDNhSXNuc3BZbDZsbXZiLUl3RmZLdWlFUlJSMFc4aE5INEpDWnphLTQ1?oc=5,https://news.google.com/rss/articles/CBMixAFBVV95cUxOTXhUQ3g3bjZtcVRXcXFzTGVLMEF6NS1vT196NmQ2dVYyX0luLWU0cGUzQnpYY1VZMFlJeFhpYTBFMngtMzBwdDl5Z0ZoVVBDYThaWDM4NEh1clhob0JELVR6WWROamIzelkxYlVfTGRSaHVSaTZwNUIwS05JSjh1cVFhckdsNkxuWEZxdWlCdWgwbXhCaDBLb2dLdDNhSXNuc3BZbDZsbXZiLUl3RmZLdWlFUlJSMFc4aE5INEpDWnphLTQ1?oc=5
52,NTPC,NTPC REL Wins 500 MW SECI Renewable Contract At Rs 6 per kWh - Construction World,Unclassified,500.0,,SECI; Renew,,,2028-09-03,24,24 months from award (default),Press report - verify,,2026-09-03,https://news.google.com/rss/articles/CBMi4gFBVV95cUxPd296c2F1UU96M25sUV9GSmRDLVFEZndIcU9XWXFMTUFtRTJoZGgwOU9VUzR0X2d5WUl1UzFwRzZwLVhVd21lcXRRVHcybUVrT1dMSTR3dmtzVVhCTUlHVnNORlV2OWlvMThlamI3UFdFaVZyM2tQYnVza0l2WVRuS2xIcHlfa0RIenZJdDBSQmhQNndyV0JRX1Y5UGhMSUlxMVk0aFluamZHeFQtZU85WlhmNkpaVFUwODVUb3h4azhRMUo1czlWaFFES3ZONUtuZGI2Y0N4NVo4ZEVTZG5QSW93?oc=5,https://news.google.com/rss/articles/CBMi4gFBVV95cUxPd296c2F1UU96M25sUV9GSmRDLVFEZndIcU9XWXFMTUFtRTJoZGgwOU9VUzR0X2d5WUl1UzFwRzZwLVhVd21lcXRRVHcybUVrT1dMSTR3dmtzVVhCTUlHVnNORlV2OWlvMThlamI3UFdFaVZyM2tQYnVza0l2WVRuS2xIcHlfa0RIenZJdDBSQmhQNndyV0JRX1Y5UGhMSUlxMVk0aFluamZHeFQtZU85WlhmNkpaVFUwODVUb3h4azhRMUo1czlWaFFES3ZONUtuZGI2Y0N4NVo4ZEVTZG5QSW93?oc=5
53,SJVN,ACME Solar wins 450 MW peak power project under SJVN FDRE-IV - Manufacturing Today India,Solar,450.0,,ACME Solar,,,2027-11-11,14,24 months from award (Solar),Press report - verify,,2025-11-11,https://news.google.com/rss/articles/CBMigAFBVV95cUxNUkhNZWlKMVhuWWx2LTRkMThmaWliejVnTy0yaWoxSkEybEkwZHZmdGY0azdpVUxkNnhkRkFkY1Nnc2J0cm1jSTU4c2lmcGFlYXdHdlI2dndzRWF5TExSeWpmeEdoNnNKSk1qcmlhRGswLWpxNVo0dlkxelpXSWxPdA?oc=5,https://news.google.com/rss/articles/CBMigAFBVV95cUxNUkhNZWlKMVhuWWx2LTRkMThmaWliejVnTy0yaWoxSkEybEkwZHZmdGY0azdpVUxkNnhkRkFkY1Nnc2J0cm1jSTU4c2lmcGFlYXdHdlI2dndzRWF5TExSeWpmeEdoNnNKSk1qcmlhRGswLWpxNVo0dlkxelpXSWxPdA?oc=5
54,SJVN,ACME Solar Awarded 450 MW-1800 MWh SJVN FDRE-IV Project - Energetica India Magazine,Solar,450.0,,ACME Solar,,,2027-11-12,14,24 months from award (Solar),Press report - verify,,2025-11-12,https://news.google.com/rss/articles/CBMimAFBVV95cUxObXI0RjJJMmNfVTRFbzE5MzBzaHNqZ3hyd3BRQmJadE1BYmpOOW0yQ2pneHE5V3ZRZ2RUOGtWckViQ1BTM1ZZM211SXdfcmRZZDJ0QlJsWWdUbFEwZ0NkeGNlVjZuNTQzMTJMMnFWZlVHaHV0Y2NfOTI4WWFqbHFHSGhuSzB0bmZjbERmdjdlTVN1RjNjempOMg?oc=5,https://news.google.com/rss/articles/CBMimAFBVV95cUxObXI0RjJJMmNfVTRFbzE5MzBzaHNqZ3hyd3BRQmJadE1BYmpOOW0yQ2pneHE5V3ZRZ2RUOGtWckViQ1BTM1ZZM211SXdfcmRZZDJ0QlJsWWdUbFEwZ0NkeGNlVjZuNTQzMTJMMnFWZlVHaHV0Y2NfOTI4WWFqbHFHSGhuSzB0bmZjbERmdjdlTVN1RjNjempOMg?oc=5
55,SJVN,ACME Solar Wins 450 MW Peak Power Project Under SJVN FDRE-IV Tender at ₹6.75/unit Tariff - SolarQuarter,Solar,450.0,,ACME Solar,,,2027-11-11,14,24 months from award (Solar),Press report - verify,,2025-11-11,https://news.google.com/rss/articles/CBMizgFBVV95cUxOVlZTclZNOUJwZWZBeE5rcDJqU1RZbmJkLXA1OXFEOU5JbFhKN2s5Tnptd3ZRVDVoM2pHN1JHLTJCOGtrR0psZjNTOFJTVlV3aUdnM09Bd0FpOE5vUUJPaVI1TGJpV0w5NjRPSDVjTGFFYWEweUlvRG9qQkpfZGUyODB4dVZ3YW1RaWlqOTZCV0JsYS1fY1pnN3V6RFAzZEtxTGtJRjZKUUVydXFrdnJFUlUzdHZfU2FPY3QwbldvZkFtVWdqUk56bjd6M1JyQQ?oc=5,https://news.google.com/rss/articles/CBMizgFBVV95cUxOVlZTclZNOUJwZWZBeE5rcDJqU1RZbmJkLXA1OXFEOU5JbFhKN2s5Tnptd3ZRVDVoM2pHN1JHLTJCOGtrR0psZjNTOFJTVlV3aUdnM09Bd0FpOE5vUUJPaVI1TGJpV0w5NjRPSDVjTGFFYWEweUlvRG9qQkpfZGUyODB4dVZ3YW1RaWlqOTZCV0JsYS1fY1pnN3V6RFAzZEtxTGtJRjZKUUVydXFrdnJFUlUzdHZfU2FPY3QwbldvZkFtVWdqUk56bjd6M1JyQQ?oc=5
56,GUVNL,"NLC India, KP Group Win GUVNL’s 450 MW/900 MWh Standalone BESS Auction - energetica-india.net",Energy Storage (BESS),450.0,,NLC India,,,2028-02-12,17,18 months from award (Energy Storage (BESS)),Press report - verify,,2026-08-12,https://news.google.com/rss/articles/CBMiqAFBVV95cUxOY1VXRGsyNTZORk9rUW9qakRMYXdWWnFNSlpEMmp0NXoyemlBcEYxWXg2YWdFSTNjMzc2RFplNm1YMUJUdUFudGRiQnVXOGN3d19DWFo1RGRrNW9wdnVBUlZkSm0tYVVVT1hGYldRZExsT19tNWlpUmdVeWNkMmNSeV9VVDJKRm5Kd3lEYkp2NTdVOEpSdVBGcnhzT0p0clQ5OHlkQkhiZVU?oc=5,https://news.google.com/rss/articles/CBMiqAFBVV95cUxOY1VXRGsyNTZORk9rUW9qakRMYXdWWnFNSlpEMmp0NXoyemlBcEYxWXg2YWdFSTNjMzc2RFplNm1YMUJUdUFudGRiQnVXOGN3d19DWFo1RGRrNW9wdnVBUlZkSm0tYVVVT1hGYldRZExsT19tNWlpUmdVeWNkMmNSeV9VVDJKRm5Kd3lEYkp2NTdVOEpSdVBGcnhzT0p0clQ5OHlkQkhiZVU?oc=5
57,NLC India,NLC India Renewables wins 450 MW Gujarat BESS; second bidder Rs 1 behind - Power Peak Digest,Energy Storage (BESS),450.0,Gujarat,Renew,,,2028-02-11,17,18 months from award (Energy Storage (BESS)),Press report - verify,,2026-08-11,https://news.google.com/rss/articles/CBMigwFBVV95cUxOT0VUZnU3akNTakpydTBMUHg5bmRtdEpEZTZiOXBQV3JOS1Y2bkk0UVJiQll1RDNpbDlFQVBpN0JweXIwTkZmX09KVmx2OXhJWUllWWNTTG94VEhYMmpOSUJWaTEyU2lkWXljSVBSWHdkQ0puajl2SmpDUWJRUl9XNzk0dw?oc=5,https://news.google.com/rss/articles/CBMigwFBVV95cUxOT0VUZnU3akNTakpydTBMUHg5bmRtdEpEZTZiOXBQV3JOS1Y2bkk0UVJiQll1RDNpbDlFQVBpN0JweXIwTkZmX09KVmx2OXhJWUllWWNTTG94VEhYMmpOSUJWaTEyU2lkWXljSVBSWHdkQ0puajl2SmpDUWJRUl9XNzk0dw?oc=5
58,NLC India,GUVNL Awards 450 MW/900 MWh BESS Phase-IX To NLC India Renewables And Sun Drops Energia - SolarQuarter,Solar + Storage,450.0,,Renew,,,2028-08-12,23,24 months from award (Solar + Storage),Press report - verify,,2026-08-12,https://news.google.com/rss/articles/CBMiwgFBVV95cUxNWE1YeEJVdDZ1OXQwN2taTUpQSDJHVGNEOU9telNxb1BOMnJPT25DVjZ1SmRvVF83YVpPUE44SHpDUXhHMnNzWWo4RWo0cHowcU82a1c3Ulp3emIwY2dLcW5NSHVSNnpIZjJCSjdCWmFFRU5OUUxFRlpNX2oyOWNQQ2ZLLUdvclhQTW52Zjd6YklpNGhmNkJsRUItMU91NHJHX0xrVUxkV1F1RDlldzVuUE1RVHVnZWRGZVgxamlhbjg0Zw?oc=5,https://news.google.com/rss/articles/CBMiwgFBVV95cUxNWE1YeEJVdDZ1OXQwN2taTUpQSDJHVGNEOU9telNxb1BOMnJPT25DVjZ1SmRvVF83YVpPUE44SHpDUXhHMnNzWWo4RWo0cHowcU82a1c3Ulp3emIwY2dLcW5NSHVSNnpIZjJCSjdCWmFFRU5OUUxFRlpNX2oyOWNQQ2ZLLUdvclhQTW52Zjd6YklpNGhmNkJsRUItMU91NHJHX0xrVUxkV1F1RDlldzVuUE1RVHVnZWRGZVgxamlhbjg0Zw?oc=5
59,SJVN Green Energy,"ACME Solar bags 400 MW firm, dispatchable renewable project from SJVN - Business Standard",Solar,400.0,,ACME Solar; renew,,,2027-11-11,14,24 months from award (Solar),Press report - verify,,2025-11-11,https://news.google.com/rss/articles/CBMi0wFBVV95cUxPSXFKLURtVWtyNU9mV3NnNnQwU2RiX3g2WlJqY2dablRuaFZkT2o3R244TjlqNnJiTF95cm1zbXVwY2dGMjN5Wmd4ZHdNZW93VjU5MVFtU1BoY3kzNTBGWnF0UVU0eU5HSjZtUDZvV0Y2dWFPYWtJVGEyWnNjZ0daRDR2cEpVNlJVdHM4UkJvMDhScDB0VmdhS01YQ2lGX2ZIQ2tneEY4ek5zbWxRT19LZlhXU280d0RKdU9uUTVqMEtLZmJrTG41Y25TU0hPZVAzRzJR0gHYAUFVX3lxTE9FX1JSZkx0c3FQbkdQdmZ5cl9yVHNOd2p2R09BczdqWjhoZ1o3STE3RTZqUDktRVN3TjlnWHJpUDItUk40cGQwbHJTLUQ0LUtVNjY2bEdJSDNqZ0VMc0xUbm9uRUdfZHlEdG9PZVdjUHZ4cnZWSkJxMkczaUlwSmRFSjZJdG5aN01fQWZhMjltYmNwTl8tS3g4MHdYbVA1bFFfd0ZfVXppYUFjVUxONGgwVFNoUWNRcmNoSy10RHluVHNZcy12eHUwbW5xY2dRV0ZmbVFkQUx3YQ?oc=5,https://news.google.com/rss/articles/CBMi0wFBVV95cUxPSXFKLURtVWtyNU9mV3NnNnQwU2RiX3g2WlJqY2dablRuaFZkT2o3R244TjlqNnJiTF95cm1zbXVwY2dGMjN5Wmd4ZHdNZW93VjU5MVFtU1BoY3kzNTBGWnF0UVU0eU5HSjZtUDZvV0Y2dWFPYWtJVGEyWnNjZ0daRDR2cEpVNlJVdHM4UkJvMDhScDB0VmdhS01YQ2lGX2ZIQ2tneEY4ek5zbWxRT19LZlhXU280d0RKdU9uUTVqMEtLZmJrTG41Y25TU0hPZVAzRzJR0gHYAUFVX3lxTE9FX1JSZkx0c3FQbkdQdmZ5cl9yVHNOd2p2R09BczdqWjhoZ1o3STE3RTZqUDktRVN3TjlnWHJpUDItUk40cGQwbHJTLUQ0LUtVNjY2bEdJSDNqZ0VMc0xUbm9uRUdfZHlEdG9PZVdjUHZ4cnZWSkJxMkczaUlwSmRFSjZJdG5aN01fQWZhMjltYmNwTl8tS3g4MHdYbVA1bFFfd0ZfVXppYUFjVUxONGgwVFNoUWNRcmNoSy10RHluVHNZcy12eHUwbW5xY2dRV0ZmbVFkQUx3YQ?oc=5
60,NTPC,SUPPLY OF SOLAR PV MODULES FOR 400MW SOLAR PROJECT IN CHITRAKOOT IN U.P.,Solar,400.0,,Pace Digitek,,,2028-04-21,19,24 months from award (Solar),Press report - verify,NRE-CS-5822-004(MOD-2)-9,2026-04-21,https://ntpctender.ntpc.co.in/NITDetails/NITs/29427,https://news.google.com/rss/articles/CBMiyAFBVV95cUxOUTkzQ1dXY3J1c1pXVy1EdG5QT28tX2x2ejRoRVJEeEtCdzBPZ0xSdkhuVkYyekltNVl5bGJkX3JiZ3AyLTZ6QlREeTdaY0M5VWU2VzJMVS1BX1hoSUtHUFkyLXF3d2M2Nk9qd3ZSOWhDSFoxZ2dyR0hERGZWTV9iRU1FZWdpWFFva1VfSWhxb09JVHlwMFRwaGJ4eXN2LW5sTWwzQm0taDRudFVYWm11OENaYnpORGozby03aXdYeUdZeUo1UGtlWg?oc=5
61,SECI,Tata Power Wins SECI Contract For 324 MW/2592 MWh Pumped Storage Project With 40-Year Energy Storage Agreement - SolarQuarter,Pumped Storage,324.0,,Tata Power,,,2031-07-20,58,60 months from award (Pumped Storage),Press report - verify,,2026-07-20,https://news.google.com/rss/articles/CBMi4AFBVV95cUxPZURwcS1McVVwMGQ3Y295V1MyMlg5elc2MEFYZmx1SVBpZTVuT3FDR0VjbFZPQXRiZ1I0VU5qYnhGQzNIZjEzQS13dzNoUmJaUmEwNVhvZXFhaUcxSDJUcmEwUXR3OUVoWUQ4aVdkWWR2NlJTTVpXOWlHS1B0RHJoVTVHY3NrX2Eycl9iaDc2UzQwZm9ESVpJUG9sN19mUFNwMWdMUHFUUDJFVzVJcGVlSUZnU0x3Mnc5RjgtOC05Sm9LWFVrZGRLaVlhVmtLNnMwVVYxTE9LQkpjSFZXWjAyUw?oc=5,https://news.google.com/rss/articles/CBMi4AFBVV95cUxPZURwcS1McVVwMGQ3Y295V1MyMlg5elc2MEFYZmx1SVBpZTVuT3FDR0VjbFZPQXRiZ1I0VU5qYnhGQzNIZjEzQS13dzNoUmJaUmEwNVhvZXFhaUcxSDJUcmEwUXR3OUVoWUQ4aVdkWWR2NlJTTVpXOWlHS1B0RHJoVTVHY3NrX2Eycl9iaDc2UzQwZm9ESVpJUG9sN19mUFNwMWdMUHFUUDJFVzVJcGVlSUZnU0x3Mnc5RjgtOC05Sm9LWFVrZGRLaVlhVmtLNnMwVVYxTE9LQkpjSFZXWjAyUw?oc=5
62,SECI,ACME Solar wins 301 MW FDRE project from SECI - ET EnergyWorld,Solar,301.0,,ACME Solar,,,2028-02-06,17,24 months from award (Solar),Press report - verify,,2026-02-06,https://news.google.com/rss/articles/CBMi2wFBVV95cUxQaDQ3VjB0SWNsUFBUbkJvNkpyZk9felJpVDFZR0VzZlk2YWR2SGJOY1R6QUlpbERyb0J0QllNa3ozV0xzdmRxeGJQLU5zWllSREtSbnFIcHRWME9lbmVkMnJQdUJaeG04dk9zNk1YTGxEYmtZU1drUHoxejd1X19Cb2pxeUtUYThTbU52R3RmQzJiUUREYkZUUTRwcFM2QkFpM3dyTHRwSDE3TndMaW1xc3Y5WUk2NmxyTWNFM0VQT3pDZ3JsUVdNVXZSX0oxRThseVJRbmtmdWVYUGvSAeABQVVfeXFMTXM0QWpLUzdvVlYyNEtIZ2gwa0Vmd250T3MxYW5ETkRWaWJ5V3ZmTHkzaGlUdl8wcUdVNW9BT19jOExabDlCb1pwUFV2LTF0U0szNnFKcGJYR3BLY2x2cWhfYVpYYm51VHFHdUhUN3dtRlRxbXNKNHRDdjRKOFlQZXZJUUt0SmhpVlFkdEt2NXJXQzc3eVFxLUQ1VTBReDE1azh2WDAyTm5ZZEdKR0JSOWRxSVpiYnZza1FCbDNGc0txdlFtUVJDaFd6cU1JR3ZyVllZWTZzQUl3TmxkWDIzS1Q?oc=5,https://news.google.com/rss/articles/CBMi2wFBVV95cUxQaDQ3VjB0SWNsUFBUbkJvNkpyZk9felJpVDFZR0VzZlk2YWR2SGJOY1R6QUlpbERyb0J0QllNa3ozV0xzdmRxeGJQLU5zWllSREtSbnFIcHRWME9lbmVkMnJQdUJaeG04dk9zNk1YTGxEYmtZU1drUHoxejd1X19Cb2pxeUtUYThTbU52R3RmQzJiUUREYkZUUTRwcFM2QkFpM3dyTHRwSDE3TndMaW1xc3Y5WUk2NmxyTWNFM0VQT3pDZ3JsUVdNVXZSX0oxRThseVJRbmtmdWVYUGvSAeABQVVfeXFMTXM0QWpLUzdvVlYyNEtIZ2gwa0Vmd250T3MxYW5ETkRWaWJ5V3ZmTHkzaGlUdl8wcUdVNW9BT19jOExabDlCb1pwUFV2LTF0U0szNnFKcGJYR3BLY2x2cWhfYVpYYm51VHFHdUhUN3dtRlRxbXNKNHRDdjRKOFlQZXZJUUt0SmhpVlFkdEt2NXJXQzc3eVFxLUQ1VTBReDE1azh2WDAyTm5ZZEdKR0JSOWRxSVpiYnZza1FCbDNGc0txdlFtUVJDaFd6cU1JR3ZyVllZWTZzQUl3TmxkWDIzS1Q?oc=5
63,NTPC,NTPC Green Energy Awards 300 MW Solar Project To Bondada Engineering in Rajasthan - Saur Energy,Solar,300.0,Rajasthan,NTPC Green,,,2028-05-11,20,24 months from award (Solar),Press report - verify,,2026-05-11,https://news.google.com/rss/articles/CBMivwFBVV95cUxOcVhnaU1TdWIwc3RiY0hwN2JWRU9rZlVnNVQ2dk9EMDRIX3k5VTVQall3NVY0RmdJdEJpbnZ6V3NMR2tiVF9FOUZSRlhCLVQzWTl0aG43M3gzMWx1NzI0YzRMWkxMN19MeUswWm8yLVh0V2NIRk44cWlvVUVfRXpjQmtTYmtHdDUtVnFuMUdSMFlmV25YdlZaRlpWcGxNQWNhLVlpQUtzWFdZcEgwUmIxYjBqRnFDaXBPbGtTSUxjcw?oc=5,https://news.google.com/rss/articles/CBMivwFBVV95cUxOcVhnaU1TdWIwc3RiY0hwN2JWRU9rZlVnNVQ2dk9EMDRIX3k5VTVQall3NVY0RmdJdEJpbnZ6V3NMR2tiVF9FOUZSRlhCLVQzWTl0aG43M3gzMWx1NzI0YzRMWkxMN19MeUswWm8yLVh0V2NIRk44cWlvVUVfRXpjQmtTYmtHdDUtVnFuMUdSMFlmV25YdlZaRlpWcGxNQWNhLVlpQUtzWFdZcEgwUmIxYjBqRnFDaXBPbGtTSUxjcw?oc=5
64,SECI,ACME Solar Wins 300 MW SECI Peak Power Tender at ₹6/kWh - mvapulse.com,Solar,300.0,,ACME Solar,,,2028-08-25,23,24 months from award (Solar),Press report - verify,,2026-08-25,https://news.google.com/rss/articles/CBMikwFBVV95cUxNaVRZZFRBSmhQVndNZjJUc0lwcFNwMTdwWmJRYzRsWTdsbkRDZmxFNUFPQk5PMzRzZU9KckZHRHVKalpiWnZkcUJfQk1udjhtNXVjN3BDa0c4UXhnbEpWVENtb2xSR0JuWDNYRE9Kc3hjdW5VYzN0MkhQdUQxMTBmU2NzVzE0YVdnRUNhZ0kwMktOOWc?oc=5,https://news.google.com/rss/articles/CBMikwFBVV95cUxNaVRZZFRBSmhQVndNZjJUc0lwcFNwMTdwWmJRYzRsWTdsbkRDZmxFNUFPQk5PMzRzZU9KckZHRHVKalpiWnZkcUJfQk1udjhtNXVjN3BDa0c4UXhnbEpWVENtb2xSR0JuWDNYRE9Kc3hjdW5VYzN0MkhQdUQxMTBmU2NzVzE0YVdnRUNhZ0kwMktOOWc?oc=5
65,MPPMCL,"MPPMCL Partially Awards 293 MW Under 800 MW Wind Tender To Ayana Renewable, BPCL - Saur Energy",Wind,293.0,,Ayana Renewable,,,2028-07-01,22,24 months from award (Wind),Press report - verify,,2026-07-01,https://news.google.com/rss/articles/CBMiyAFBVV95cUxQajF0QTl6RXBsVkt6cU5wODhVRDR2cXkzejhWM2RpV0t5bDhDWHl6ZzhQY3ZQQVZ0ZzU5TWdqVFR0MXNicFZfaW5jWjMxNzFwcmlSeXY5bzI0QzdfRDhBMDlKdlZ3UTVMMXVJd2xlc0hGOXhkTTh2d3VEaENuUG8tNTVkTzVXUy0tWTIwOU9kcWk2SGJpTDhMRmxzUk81Q0trX2tIbTROSkhtM3lEakRzb0x4aGxvWGhVNlRRckpDOGtES0NGR2hWTA?oc=5,https://news.google.com/rss/articles/CBMiyAFBVV95cUxQajF0QTl6RXBsVkt6cU5wODhVRDR2cXkzejhWM2RpV0t5bDhDWHl6ZzhQY3ZQQVZ0ZzU5TWdqVFR0MXNicFZfaW5jWjMxNzFwcmlSeXY5bzI0QzdfRDhBMDlKdlZ3UTVMMXVJd2xlc0hGOXhkTTh2d3VEaENuUG8tNTVkTzVXUy0tWTIwOU9kcWk2SGJpTDhMRmxzUk81Q0trX2tIbTROSkhtM3lEakRzb0x4aGxvWGhVNlRRckpDOGtES0NGR2hWTA?oc=5
66,NVVN,"Sunsure Energy and EnerGrid Win NVVN’s 250 MW/1,000 MWh BESS Auction - Energetica India Magazine",Energy Storage (BESS),250.0,,Sunsure,,,2027-01-28,4,18 months from award (Energy Storage (BESS)),Press report - verify,,2025-07-28,https://news.google.com/rss/articles/CBMipwFBVV95cUxQWkVhZDdsd3M1MllmTDZDd3ZXWmpEelJyakxVQlptZXN1VzNKQ2NXekRudnpHYmVBZHNrck8tU2ZrbXc1cWdyaGYxTUdUSHFuQmgydkY2VlFUU0FHMnd2a0FyRDQ5QnlLWlFsNVVXOFhUc0ZBdXFkTWVwYWpuVXQxSTJCNkFDZUw3eDk1TTZfbEx6NW9mUjVIdUpLTHlzYnpja3Y3MTJuRQ?oc=5,https://news.google.com/rss/articles/CBMipwFBVV95cUxQWkVhZDdsd3M1MllmTDZDd3ZXWmpEelJyakxVQlptZXN1VzNKQ2NXekRudnpHYmVBZHNrck8tU2ZrbXc1cWdyaGYxTUdUSHFuQmgydkY2VlFUU0FHMnd2a0FyRDQ5QnlLWlFsNVVXOFhUc0ZBdXFkTWVwYWpuVXQxSTJCNkFDZUw3eDk1TTZfbEx6NW9mUjVIdUpLTHlzYnpja3Y3MTJuRQ?oc=5
67,NVVN,"Tender Result: Sunsure, EnerGrid Win NVVN’s 250 MW/1,000 MWh BESS Project - Saur Energy",Energy Storage (BESS),250.0,,Sunsure,,,2027-01-26,4,18 months from award (Energy Storage (BESS)),Press report - verify,,2025-07-26,https://news.google.com/rss/articles/CBMiqwFBVV95cUxPSUc2NFlYeXFIcXBXZzR3M3hLbVFLRzFmM1NUZFJaWHVDeVFRc3hSbkdsREQzYXVyZ0pBN0NDdGdGbnVvMWlaNnE3Nkd2YllFNDlKUVZ3Yzdyd0lWTlhyaXhJSTZBTHRZUDg0amtObzF4NVFDOF92SFhTZjZFYjBLT2pSX1N4N0MxZ1FYeVRqbml1SUVXX2NXTVgxa0xpaUNBa1NMRE44aEJVczQ?oc=5,https://news.google.com/rss/articles/CBMiqwFBVV95cUxPSUc2NFlYeXFIcXBXZzR3M3hLbVFLRzFmM1NUZFJaWHVDeVFRc3hSbkdsREQzYXVyZ0pBN0NDdGdGbnVvMWlaNnE3Nkd2YllFNDlKUVZ3Yzdyd0lWTlhyaXhJSTZBTHRZUDg0amtObzF4NVFDOF92SFhTZjZFYjBLT2pSX1N4N0MxZ1FYeVRqbml1SUVXX2NXTVgxa0xpaUNBa1NMRE44aEJVczQ?oc=5
68,NVVN,"Sunsure and Enerica Bag NVVN’s 250 MW/1,000 MWh BESS Auction - Mercomindia.com",Energy Storage (BESS),250.0,,Sunsure,,,2027-02-27,5,18 months from award (Energy Storage (BESS)),Press report - verify,,2025-08-27,https://news.google.com/rss/articles/CBMihgFBVV95cUxOVWVlQVBrXzhUUDVuaW1WWVRJa2h2YVNxY1VWMjRDeUpZYUFjOHJUOUk4TmJIYXllQ2RMTWNlRjk3R19JRVI4N3JtNzBqbS1JempyWHdKSExobHZhcERQWDhZN2U5bzRKX29zVUh5UWpxbFVzc0QyX29ScnZGQmlSeEpuX1pJUQ?oc=5,https://news.google.com/rss/articles/CBMihgFBVV95cUxOVWVlQVBrXzhUUDVuaW1WWVRJa2h2YVNxY1VWMjRDeUpZYUFjOHJUOUk4TmJIYXllQ2RMTWNlRjk3R19JRVI4N3JtNzBqbS1JempyWHdKSExobHZhcERQWDhZN2U5bzRKX29zVUh5UWpxbFVzc0QyX29ScnZGQmlSeEpuX1pJUQ?oc=5
69,GUVNL,"GUVNL Awards 250 MW Wind Project to KPI, Juniper, Jakson Green & Inox - Saur Energy",Wind,250.0,,Juniper; Jakson,,,2027-04-24,7,24 months from award (Wind),Press report - verify,,2025-04-24,https://news.google.com/rss/articles/CBMirwFBVV95cUxOdS1faFdQWUNtbjFSMFBJM00wMmtIS0VYWkFJT1BkWEhOaThBQkhOUTQ4VFFFT2hDQ1lWWmlnejZzUHNLSUVsX0hGazhHWnhlckVGclRyMGRmMDdOWjhOdjZUWHNQdkFDWlhOblZyelpiRkxsMGdiM3I1M1VUVFotU3U1N1JUeW1LdDZhNjVtTVFLZ3JUbl9uOTlZMzhiREdJXzdXN05wV3hYd3VBQWpZ?oc=5,https://news.google.com/rss/articles/CBMirwFBVV95cUxOdS1faFdQWUNtbjFSMFBJM00wMmtIS0VYWkFJT1BkWEhOaThBQkhOUTQ4VFFFT2hDQ1lWWmlnejZzUHNLSUVsX0hGazhHWnhlckVGclRyMGRmMDdOWjhOdjZUWHNQdkFDWlhOblZyelpiRkxsMGdiM3I1M1VUVFotU3U1N1JUeW1LdDZhNjVtTVFLZ3JUbl9uOTlZMzhiREdJXzdXN05wV3hYd3VBQWpZ?oc=5
70,GUVNL,"GUVNL Sets New Tariff Benchmark In 250 MW Auction; KPI Green, Jakson Green, And Inox Neo Emerge Winners - WindInsider",Unclassified,250.0,,Jakson,,,2027-04-24,7,24 months from award (default),Press report - verify,,2025-04-24,https://news.google.com/rss/articles/CBMi0gFBVV95cUxPU1AtZ0twYjVRbGlJWFF0aENDbmJ5dXdBekhrQnpsdmRrTUFVRS1SZDU1M211dGdyb2VROFQ5aHZqbUFBX2JGM1NtSkpOeURVRVRYSHRLMmlSeDlkbVlDMGZ1ZXZ1aHpCc21sbjY0NTh4b1RhaWZjY3dLaGI1Y1AzM25uenBiZjRYNGl4OXF1c2czUXJ4U3lVaFlrLWVrN0JwTkdaaDEwMDR1b2N5MDVvU01BRmlQRWt4cTlSXzZ3eFRCZ2tsZ2JmZnVLQ1ZuNVBkclHSAdcBQVVfeXFMTm96NXFSTVNlZWJEMmh1dC1fYTdmSXFtTkJsMW5JX2hOMkxmWXlZR3g4VGRDVGNQQXdTTTZRZk42aldVd3UyaVd5QmR5QmxGalZiLVNKXzgwdFpOVkxla1FjYWk2UlZMZk1aNEk5MUZSRGNPWThGYi1qRms3NXdlUzBxVkNneVd5MzZUbHJMQkduMGtYR1JPQy1WMlZxWlNpYVhnWWI5bEhZWF9qa213b2k3MTBXTUpka3phS3JFVHljYzk4SFJvd3NfVHg5cEppWHpkMUt6Q3c?oc=5,https://news.google.com/rss/articles/CBMi0gFBVV95cUxPU1AtZ0twYjVRbGlJWFF0aENDbmJ5dXdBekhrQnpsdmRrTUFVRS1SZDU1M211dGdyb2VROFQ5aHZqbUFBX2JGM1NtSkpOeURVRVRYSHRLMmlSeDlkbVlDMGZ1ZXZ1aHpCc21sbjY0NTh4b1RhaWZjY3dLaGI1Y1AzM25uenBiZjRYNGl4OXF1c2czUXJ4U3lVaFlrLWVrN0JwTkdaaDEwMDR1b2N5MDVvU01BRmlQRWt4cTlSXzZ3eFRCZ2tsZ2JmZnVLQ1ZuNVBkclHSAdcBQVVfeXFMTm96NXFSTVNlZWJEMmh1dC1fYTdmSXFtTkJsMW5JX2hOMkxmWXlZR3g4VGRDVGNQQXdTTTZRZk42aldVd3UyaVd5QmR5QmxGalZiLVNKXzgwdFpOVkxla1FjYWk2UlZMZk1aNEk5MUZSRGNPWThGYi1qRms3NXdlUzBxVkNneVd5MzZUbHJMQkduMGtYR1JPQy1WMlZxWlNpYVhnWWI5bEhZWF9qa213b2k3MTBXTUpka3phS3JFVHljYzk4SFJvd3NfVHg5cEppWHpkMUt6Q3c?oc=5
71,NVVN,Sunsure And Enerica Wins NVVN Auction For 250 MW BESS At Tariffs As Low As ₹6.64 Per kWh - solarquarter.com,Solar + Storage,250.0,,Sunsure,,,2027-07-28,10,24 months from award (Solar + Storage),Press report - verify,,2025-07-28,https://news.google.com/rss/articles/CBMizgFBVV95cUxQQUpzSmtqM3NGVllWeWVicDFQOV80ZU5lX3VkVmozUVpIdnhaeHpUMWxVNG1nemNDTnBnUnR2b2pTS19yVUw4eHFjTVpDdlVwRDY1VTlkQk5tcDBLdnoxVFFkWjFSbGlHY24wRDVBelBRY1JObjFlQUFSUU5KN3hDV3EtZGtxaVJib0xXbDh2NGZvaURES2s5MHRvSkd3QlIzQmNKcDZ3a2JRMmJQemk4QzBUb0w0ZHdib01EUVUwTmRFYlQzdzdUVVlnbDYydw?oc=5,https://news.google.com/rss/articles/CBMizgFBVV95cUxQQUpzSmtqM3NGVllWeWVicDFQOV80ZU5lX3VkVmozUVpIdnhaeHpUMWxVNG1nemNDTnBnUnR2b2pTS19yVUw4eHFjTVpDdlVwRDY1VTlkQk5tcDBLdnoxVFFkWjFSbGlHY24wRDVBelBRY1JObjFlQUFSUU5KN3hDV3EtZGtxaVJib0xXbDh2NGZvaURES2s5MHRvSkd3QlIzQmNKcDZ3a2JRMmJQemk4QzBUb0w0ZHdib01EUVUwTmRFYlQzdzdUVVlnbDYydw?oc=5
72,KREDL,Pace Digitek Wins KREDL’s 250 MW Solar/1.1 GWh BESS Project in Karnataka - megaproject.com,Solar + Storage,250.0,Karnataka,Pace Digitek,,,2028-02-12,17,24 months from award (Solar + Storage),Press report - verify,,2026-02-12,https://news.google.com/rss/articles/CBMisAFBVV95cUxPMEN4R3dJdEl3RTI3QjdkRjYxWXpqMFdXQ2lLQ0c0WVlRYUZlVThsRC1nX3JxeTFvZjBqSFdZZXQ4Q1JlTnVpd3ltT1p5UDRyelRtdVJFSDdJV2dETFVJbHpTZW5mT3BZREZsc3hxVEpPVndZR3VCUjFibGZPdjFaNDBVOXlrVk5LbXZiYy00X0k3UXRDd29RSTZtdDU0ZjA5OGFJNW9zWFVabTN6V1ZQVw?oc=5,https://news.google.com/rss/articles/CBMisAFBVV95cUxPMEN4R3dJdEl3RTI3QjdkRjYxWXpqMFdXQ2lLQ0c0WVlRYUZlVThsRC1nX3JxeTFvZjBqSFdZZXQ4Q1JlTnVpd3ltT1p5UDRyelRtdVJFSDdJV2dETFVJbHpTZW5mT3BZREZsc3hxVEpPVndZR3VCUjFibGZPdjFaNDBVOXlrVk5LbXZiYy00X0k3UXRDd29RSTZtdDU0ZjA5OGFJNW9zWFVabTN6V1ZQVw?oc=5
73,KREDL,Pace Digitek Wins 250 MW Solar Plus 1100 MWh BESS Project From KREDL At Pavagada - SolarQuarter,Solar + Storage,250.0,,Pace Digitek,,,2028-02-11,17,24 months from award (Solar + Storage),Press report - verify,,2026-02-11,https://news.google.com/rss/articles/CBMiuAFBVV95cUxOck0yN0gxd1N1ZGhoVnVTSGxxZkEtck91anJFdHFieUI5eGY4MEFubms2UUVjZkZqaWRwb3RTaUg1YnlrQzNwdENlVFNnOGRTNktDUU40M29qc1RCWkhaTmc4eXFsOEdwX0c3bWxua2dZeGcxSFowLWVZQklxVkszRzB2c0xhWFZ4TmhpTWg4WVBxUWdrUzVpRUJRV1UxNEQ1QTloTXA0S0hXV19kT040akJkdXhZSXoz?oc=5,https://news.google.com/rss/articles/CBMiuAFBVV95cUxOck0yN0gxd1N1ZGhoVnVTSGxxZkEtck91anJFdHFieUI5eGY4MEFubms2UUVjZkZqaWRwb3RTaUg1YnlrQzNwdENlVFNnOGRTNktDUU40M29qc1RCWkhaTmc4eXFsOEdwX0c3bWxua2dZeGcxSFowLWVZQklxVkszRzB2c0xhWFZ4TmhpTWg4WVBxUWdrUzVpRUJRV1UxNEQ1QTloTXA0S0hXV19kT040akJkdXhZSXoz?oc=5
74,GUVNL,NLC Juniper Powerica Cu-Built Win GUVNL 250 MW Wind Auction - Construction World,Wind,250.0,,Juniper,,,2028-07-17,22,24 months from award (Wind),Press report - verify,,2026-07-17,https://news.google.com/rss/articles/CBMi4AFBVV95cUxPeHdHc0ZabDN0dEdWZGxMRnBTUno5QkxtTVJKOGV5aUUwbVZvQ01Yc0lvMTN2WFgwVEFWVXVGQ1JZQlcyc0ZJOWR4QkYwbXNHX2poZlFtcm00QS1DbmJZVWlJT0E3WktYMXI0YkpsMldDYm5TV1ZVNkQwVG5kTjRHRURGVUJOX2VmcUdDd0VvSE1tTHdHVGQ5RXBvUld6cm1Zanh4S0x4MjlZVmZ2YWtuUzdqTnBwYmNmODNzV2thdWxvODdvNkNVZW1TSVkwWmFhUEh2QzFYNXdvTzdaWjgzcA?oc=5,https://news.google.com/rss/articles/CBMi4AFBVV95cUxPeHdHc0ZabDN0dEdWZGxMRnBTUno5QkxtTVJKOGV5aUUwbVZvQ01Yc0lvMTN2WFgwVEFWVXVGQ1JZQlcyc0ZJOWR4QkYwbXNHX2poZlFtcm00QS1DbmJZVWlJT0E3WktYMXI0YkpsMldDYm5TV1ZVNkQwVG5kTjRHRURGVUJOX2VmcUdDd0VvSE1tTHdHVGQ5RXBvUld6cm1Zanh4S0x4MjlZVmZ2YWtuUzdqTnBwYmNmODNzV2thdWxvODdvNkNVZW1TSVkwWmFhUEh2QzFYNXdvTzdaWjgzcA?oc=5
75,NLC India,"GUVNL Awards 250 MW Phase XI Wind Projects To NLC India Renewables, Juniper Green, Powerica & Cu-Built At INR3.51/kWh - WindInsider",Wind,250.0,,Renew; Juniper Green,,,2028-07-13,22,24 months from award (Wind),Press report - verify,,2026-07-13,https://news.google.com/rss/articles/CBMi4wFBVV95cUxQeWlkdDVadzlRTVlxX1FVYllUOTRVY01KaWlvanJXSk82cktfa0MyOTJuM211RWRCY1kwWklJV3NTOGdndmxBX3BzeEFCbE9qRnpVQ1I3S290QVl1VWVzY0V2T2lVVG5WTVBfQkFFdldYQUxvRmNJSmYwbVNVU09vTXl6dGxQOVBUQ3B0UkdKa1lBYk1LNXNUcnNMZG95V24zMExmUDNOUFhqekJaRjBiandPa2J4dmRyVEtYNExLVmlwSXB1WFZhd01oMERCRVhkUUtvcjhidXNob0tEVTlEeGY4MNIB6AFBVV95cUxPZENNdENxLTYzckdwZFA0YTRJcHk5RzlBM0tZWE5mMVlZT0ptTS1QdWRRTng1Mnp3N1hnc1hNdG9sLTlFZXdGOFJ0bjd1c1dyVTFLSVlpY3JwN3JmRVlKRnpfQTkxbzlJamM1Z0hSZmFvSnRWekZmSW5vYlBvVENodzVlb2pkOV9UX21lVFN4ZHg0QmhBNU8wNDFMY1hWT2NTdWlWR1Y2cm5YZGJ6aTdldzlhaUJDTVlkYThLUGJOZFNLd0ZVMFQ2WjdWTngxMlJiSHNMSFBwVm5QSmVaV0ZPaVJJMmxnbHdu?oc=5,https://news.google.com/rss/articles/CBMi4wFBVV95cUxQeWlkdDVadzlRTVlxX1FVYllUOTRVY01KaWlvanJXSk82cktfa0MyOTJuM211RWRCY1kwWklJV3NTOGdndmxBX3BzeEFCbE9qRnpVQ1I3S290QVl1VWVzY0V2T2lVVG5WTVBfQkFFdldYQUxvRmNJSmYwbVNVU09vTXl6dGxQOVBUQ3B0UkdKa1lBYk1LNXNUcnNMZG95V24zMExmUDNOUFhqekJaRjBiandPa2J4dmRyVEtYNExLVmlwSXB1WFZhd01oMERCRVhkUUtvcjhidXNob0tEVTlEeGY4MNIB6AFBVV95cUxPZENNdENxLTYzckdwZFA0YTRJcHk5RzlBM0tZWE5mMVlZT0ptTS1QdWRRTng1Mnp3N1hnc1hNdG9sLTlFZXdGOFJ0bjd1c1dyVTFLSVlpY3JwN3JmRVlKRnpfQTkxbzlJamM1Z0hSZmFvSnRWekZmSW5vYlBvVENodzVlb2pkOV9UX21lVFN4ZHg0QmhBNU8wNDFMY1hWT2NTdWlWR1Y2cm5YZGJ6aTdldzlhaUJDTVlkYThLUGJOZFNLd0ZVMFQ2WjdWTngxMlJiSHNMSFBwVm5QSmVaV0ZPaVJJMmxnbHdu?oc=5
76,NLC India,"NLC, Juniper, Powerica, Cu-Built Win GUVNL’s 250 MW Wind Power Auction - Energetica India Magazine",Wind,250.0,,Juniper,,,2028-07-13,22,24 months from award (Wind),Press report - verify,,2026-07-13,https://news.google.com/rss/articles/CBMipwFBVV95cUxNOFJiYWhUWHl0TTB4Z3VIYnFCNzhUcC13bEpNNTNmUlJENk9hdDR5Z1dzN3EzUnYxQ2ZXYzV6M0t0aFZVSmUwTmR4QmhCM1JXSlNVYlhzcE10NndxNUJwbUpoME5sY2NGXzJpSHp3eUVUNGxaOG1abEh2enNDWHV1YzZna0gwckFCTjJMNGEwNUJOdWo0OWtab2NxVTVERkpMUl81bGtONA?oc=5,https://news.google.com/rss/articles/CBMipwFBVV95cUxNOFJiYWhUWHl0TTB4Z3VIYnFCNzhUcC13bEpNNTNmUlJENk9hdDR5Z1dzN3EzUnYxQ2ZXYzV6M0t0aFZVSmUwTmR4QmhCM1JXSlNVYlhzcE10NndxNUJwbUpoME5sY2NGXzJpSHp3eUVUNGxaOG1abEh2enNDWHV1YzZna0gwckFCTjJMNGEwNUJOdWo0OWtab2NxVTVERkpMUl81bGtONA?oc=5
77,SECI,Juniper Green Energy Wins 230 MW in SECI’s 1 GW FDRE Round-the-Clock Renewable Energy Tender - SolarQuarter,Unclassified,230.0,,Juniper Green; Renew,,,2028-08-10,23,24 months from award (default),Press report - verify,,2026-08-10,https://news.google.com/rss/articles/CBMixwFBVV95cUxQQnBqS1NBUmJsR1lGMVUyZDdudkc1Z1RIc0ZlNW5iXzRqSEs1Skh2amlKZXhBZ05oMFFsTnhHMXYyQ3ZNcFZWdS1sSWUtczZXR0U5MjhDQkZveTk0UjJrdkltSDhFOE02T3ZuTWVmLWI4aDdMNUl5NGl1T00tN2Y0YTZkNWFkOUZGTEpLNDFUdFEwM3FBUUE4dmhjaVJNcHNDX3RwRl9CaERuR25tMDVBRFFsSXF1T0ZOWmM0ejd6aTZFUXdBY0hr?oc=5,https://news.google.com/rss/articles/CBMixwFBVV95cUxQQnBqS1NBUmJsR1lGMVUyZDdudkc1Z1RIc0ZlNW5iXzRqSEs1Skh2amlKZXhBZ05oMFFsTnhHMXYyQ3ZNcFZWdS1sSWUtczZXR0U5MjhDQkZveTk0UjJrdkltSDhFOE02T3ZuTWVmLWI4aDdMNUl5NGl1T00tN2Y0YTZkNWFkOUZGTEpLNDFUdFEwM3FBUUE4dmhjaVJNcHNDX3RwRl9CaERuR25tMDVBRFFsSXF1T0ZOWmM0ejd6aTZFUXdBY0hr?oc=5
78,SECI,EQT-backed Resolven bags 200 MW SECI wind project in Karnataka - ET EnergyWorld,Wind,200.0,Karnataka,Resolven,,,2028-07-17,22,24 months from award (Wind),Press report - verify,,2026-07-17,https://news.google.com/rss/articles/CBMixgFBVV95cUxQazJDclZRMlZONk5YQ3EzUVVpYWNMbEVGWThWbVhoUVozdHFuSkVnZlgwSlNZbURmTjkxNEFwbVRNV0VnbnJ6VnktOHAtOFFob3NLT20zMGJyQm9zQkRScEJaeGNzYnJ2T0lFMUhLTEhISmxfZkg1NHBoS0VPTWdCdG9xbEtvT2VJWDNlS1g2MTNJU3h0dHBoRXVPRFgwTnk5NnliUXlVWl9IaGxvdU1yX25McHhIQ0dKOTN2dlpzSDVTNjE2aEHSAcsBQVVfeXFMTXhXUk1rb3Z3WE5XWGdZbjVTMlVfckQ5Nmxfcld1MDZhLTJwRmtTMlFBSm94ai1jbEczT1Myam44d1hmcWwxa2VlSWoydERuYW81dUs3eEZKOEkyWGNoY1lKT0lZQlJFNnRnNXlBSzJYMklTaEg2a0JraVQ1R1RUUUQyX21WYWgtZUpkTXVjS3d3YnFzNVI5dGtocnZobmxCWGIxS2dDcGs3T1B5Z1hMNDJXVDB1TmlORmZKakNoTmpBVGUxc1p3MUpHT3c?oc=5,https://news.google.com/rss/articles/CBMixgFBVV95cUxQazJDclZRMlZONk5YQ3EzUVVpYWNMbEVGWThWbVhoUVozdHFuSkVnZlgwSlNZbURmTjkxNEFwbVRNV0VnbnJ6VnktOHAtOFFob3NLT20zMGJyQm9zQkRScEJaeGNzYnJ2T0lFMUhLTEhISmxfZkg1NHBoS0VPTWdCdG9xbEtvT2VJWDNlS1g2MTNJU3h0dHBoRXVPRFgwTnk5NnliUXlVWl9IaGxvdU1yX25McHhIQ0dKOTN2dlpzSDVTNjE2aEHSAcsBQVVfeXFMTXhXUk1rb3Z3WE5XWGdZbjVTMlVfckQ5Nmxfcld1MDZhLTJwRmtTMlFBSm94ai1jbEczT1Myam44d1hmcWwxa2VlSWoydERuYW81dUs3eEZKOEkyWGNoY1lKT0lZQlJFNnRnNXlBSzJYMklTaEg2a0JraVQ1R1RUUUQyX21WYWgtZUpkTXVjS3d3YnFzNVI5dGtocnZobmxCWGIxS2dDcGs3T1B5Z1hMNDJXVDB1TmlORmZKakNoTmpBVGUxc1p3MUpHT3c?oc=5
79,SECI,Resolven wins 200 MW SECI wind project in Karnataka - Manufacturing Today India,Wind,200.0,Karnataka,Resolven,,,2028-07-21,22,24 months from award (Wind),Press report - verify,,2026-07-21,https://news.google.com/rss/articles/CBMic0FVX3lxTFBzZy1YekltdTFLSWZKck9TYkNBdExkRmYzakg1c2dJVWhmQmRRRXlSZ01OcThqZE5vcmpjOHQ0QkstdnJ0MzNFLXIta0hzaFcwVDFibDRBcnJyRmtpNmVXZzRJR1FHZFRfTzlZaXdGamswM0U?oc=5,https://news.google.com/rss/articles/CBMic0FVX3lxTFBzZy1YekltdTFLSWZKck9TYkNBdExkRmYzakg1c2dJVWhmQmRRRXlSZ01OcThqZE5vcmpjOHQ0QkstdnJ0MzNFLXIta0hzaFcwVDFibDRBcnJyRmtpNmVXZzRJR1FHZFRfTzlZaXdGamswM0U?oc=5
80,NTPC,NTPC Green Energy Wins 200 MW/800 MWh BESS Project In West Bengal - SolarQuarter,Solar + Storage,200.0,West Bengal,NTPC Green,,,2028-08-10,23,24 months from award (Solar + Storage),Press report - verify,,2026-08-10,https://news.google.com/rss/articles/CBMipAFBVV95cUxOQU5ndnpsQVBDeWZlZ1UtNEpZR3lnakRxMU1IcF91b29BUE9CbHlCbklUeWtxQUhrdVpmS2RVSkxkYnBtUmVFWUpsRkZRMGdzU0JOZUROSFFiSFBkQ1NBMG5mMzVob1p0RlQzZWpjY3BiMEdmVlphMHhhaHR1WVllQXlaN2tDM0NlWGZWWFZrMllYTm5YdDlYbThqY3FoZWxNZ3B1TQ?oc=5,https://news.google.com/rss/articles/CBMipAFBVV95cUxOQU5ndnpsQVBDeWZlZ1UtNEpZR3lnakRxMU1IcF91b29BUE9CbHlCbklUeWtxQUhrdVpmS2RVSkxkYnBtUmVFWUpsRkZRMGdzU0JOZUROSFFiSFBkQ1NBMG5mMzVob1p0RlQzZWpjY3BiMEdmVlphMHhhaHR1WVllQXlaN2tDM0NlWGZWWFZrMllYTm5YdDlYbThqY3FoZWxNZ3B1TQ?oc=5
81,NTPC Green Energy,NTPC Green Energy subsidiary wins 193 MW wind project in MPPMCL tender - scanx.trade,Wind,193.0,,NTPC Green,,,2028-06-28,21,24 months from award (Wind),Press report - verify,,2026-06-30,https://news.google.com/rss/articles/CBMirgFBVV95cUxPYXJ5WjFXUnZCUlg1MWtKXzNXSUNKeklQaFE0OEhneHIweTRsdzZGRWJRbmpjb3pmNm5OU21tdkJNYmczV2psaXZZUVNqenNUQTBvZW9ZUlozc184U2tUX0s3NnFIY1lJam84eU9wN0JUQXQ5X1EwaV9uTTlGd0ExYlowRFJXdUVFNkRXSkZ0VE81LXh2QnRzVnJ0anJFYkFtbE9xUFVWMWhRUDJ1Rmc?oc=5,https://news.google.com/rss/articles/CBMirgFBVV95cUxPYXJ5WjFXUnZCUlg1MWtKXzNXSUNKeklQaFE0OEhneHIweTRsdzZGRWJRbmpjb3pmNm5OU21tdkJNYmczV2psaXZZUVNqenNUQTBvZW9ZUlozc184U2tUX0s3NnFIY1lJam84eU9wN0JUQXQ5X1EwaV9uTTlGd0ExYlowRFJXdUVFNkRXSkZ0VE81LXh2QnRzVnJ0anJFYkFtbE9xUFVWMWhRUDJ1Rmc?oc=5
82,MPPMCL,Ayana Renewable Power Wins 193 MW in MPPMCL's 800 MW Wind Power Auction - energetica-india.net,Wind,193.0,,Ayana Renewable,,,2028-07-01,22,24 months from award (Wind),Press report - verify,,2026-07-01,https://news.google.com/rss/articles/CBMirAFBVV95cUxNdVVydDVCWFNad1U5LVZWbEladm51YVptMlBHMFhjN3NRWmJ1R0NVLVRaT0VSeUZKLWMtMlYyNFYtaVZ4U2lNVldCVWRBVmEzVXo1WHRUR21td2VTTHFDMEJWTUh1OWR6eFRndHJ0bHZMMjdac1FHdTFKYlBhNzVlYWg2UFE5R3hWN1hFNTQtYXVBN0EtbHM0Q2x2OVl4RWRnNzRTQnlGNXZ4ZlFm?oc=5,https://news.google.com/rss/articles/CBMirAFBVV95cUxNdVVydDVCWFNad1U5LVZWbEladm51YVptMlBHMFhjN3NRWmJ1R0NVLVRaT0VSeUZKLWMtMlYyNFYtaVZ4U2lNVldCVWRBVmEzVXo1WHRUR21td2VTTHFDMEJWTUh1OWR6eFRndHJ0bHZMMjdac1FHdTFKYlBhNzVlYWg2UFE5R3hWN1hFNTQtYXVBN0EtbHM0Q2x2OVl4RWRnNzRTQnlGNXZ4ZlFm?oc=5
83,SJVN,BluPine Energy Bags 150 MW in SJVN’s FDRE Auction - Energetica India Magazine,Unclassified,150.0,,BluPine,,,2027-10-16,13,24 months from award (default),Press report - verify,,2025-10-16,https://news.google.com/rss/articles/CBMijwFBVV95cUxQdDBwVkhTSUxaRVJUcUhYWHk5VUxZekJhRldCOUlYLUZDY2ZobFdYMXM5LUhueXFoSkxWUE5hcDJDREJNNDZiMUpnN2djemZ3dDd6TVpGMU93SDNRQmNmVzBzSUhzZWR1T2RPaDBCZERacWlzejF2WUpwSUwxRDNHNjVIams0ckZKclNlMWxvaw?oc=5,https://news.google.com/rss/articles/CBMijwFBVV95cUxQdDBwVkhTSUxaRVJUcUhYWHk5VUxZekJhRldCOUlYLUZDY2ZobFdYMXM5LUhueXFoSkxWUE5hcDJDREJNNDZiMUpnN2djemZ3dDd6TVpGMU93SDNRQmNmVzBzSUhzZWR1T2RPaDBCZERacWlzejF2WUpwSUwxRDNHNjVIams0ckZKclNlMWxvaw?oc=5
84,SECI,BC Jindal Wins 150 MW Round-the-Clock Renewable Power Contract from SECI - Saur Energy,Unclassified,150.0,,Renew,,,2027-11-27,14,24 months from award (default),Press report - verify,,2025-11-27,https://news.google.com/rss/articles/CBMixAFBVV95cUxNZlhzX0h3ajJHU3FqaW9rOG41TkxoRFNVRFoweUVYRDNXQWhUY0tUM2lDcmdBd2FGTmhQNDV6WHE2QS1FaXBLNHVSUXZ0b0FpRVFnUXBJWUpZX1k1MkIzd1JrQ2VPR2p3QU9rT2s2UEdZWHpkWTR6T0x5cG5ManY1NVR6RE9rNDNJeTNnaEhmZHEyOWU5YmRoSnpsX3JvQllqZnVodW8wRFc5TUVFR01PaUNIZlhjVTF4VG4wM19OZEpBOGFl?oc=5,https://news.google.com/rss/articles/CBMixAFBVV95cUxNZlhzX0h3ajJHU3FqaW9rOG41TkxoRFNVRFoweUVYRDNXQWhUY0tUM2lDcmdBd2FGTmhQNDV6WHE2QS1FaXBLNHVSUXZ0b0FpRVFnUXBJWUpZX1k1MkIzd1JrQ2VPR2p3QU9rT2s2UEdZWHpkWTR6T0x5cG5ManY1NVR6RE9rNDNJeTNnaEhmZHEyOWU5YmRoSnpsX3JvQllqZnVodW8wRFc5TUVFR01PaUNIZlhjVTF4VG4wM19OZEpBOGFl?oc=5
85,SJVN,Sembcorp Wins 150 MW FDRE Project from SJVN - Energetica India Magazine,Unclassified,150.0,,Sembcorp,,,2027-11-11,14,24 months from award (default),Press report - verify,,2025-11-11,https://news.google.com/rss/articles/CBMiiAFBVV95cUxPcjNkMWdPTGgwRi05TnF3UmU4ZVQ2blZuRHFVWkRQUDVqTkJwWDExTHlBVzhvOExMa1FQX1V4NUJlZzdTUEc2dmFDZ2FHQmFIeTZaTkJBMkY0ZTFZOWRBT2tlTi1lalBIS05TNFZ4RTdCVDRQclpzOFpETlFhdW1uNzNtU1pNT3NH?oc=5,https://news.google.com/rss/articles/CBMiiAFBVV95cUxPcjNkMWdPTGgwRi05TnF3UmU4ZVQ2blZuRHFVWkRQUDVqTkJwWDExTHlBVzhvOExMa1FQX1V4NUJlZzdTUEc2dmFDZ2FHQmFIeTZaTkJBMkY0ZTFZOWRBT2tlTi1lalBIS05TNFZ4RTdCVDRQclpzOFpETlFhdW1uNzNtU1pNT3NH?oc=5
86,SJVN,Sembcorp secures 150 MW firm renewable project from SJVN - ET EnergyWorld,Unclassified,150.0,,Sembcorp; renew,,,2027-11-11,14,24 months from award (default),Press report - verify,,2025-11-11,https://news.google.com/rss/articles/CBMiwwFBVV95cUxOVGxhWWFJUU9oSmJjMHU3eVdaQl9jMEpWWUxHRHdwbS03amRUc3QyMURkcUFobjNIWW13VG1mWnhuam9PeUl2TVJMU080V0pKc2x2S0ZNODJDaUNmazgxOWItdUgtaENvc3NmbVZXUlpaa2xFRHJqa01CbnlGYTBBYnpkX3J0NE42OUtoWU9oeGdDRGRFbS0tU3hCeGE1WTN0YjV4OVRSLWM1RVhkMktBN2puclV6c1FaN1FPSFRjTDdkd3fSAcgBQVVfeXFMUHlFLXg0cUtiV2Y4QmlQdFN4dlkxdkNoS0JTeEtwUm13SkdFZGZGZV9HaklzWDNiLTAtVUEyak52cWRiVWJ4Q0FPUDYzbl9xQk05d2NCQV94S0tPaG1KZkU3d1VEcFk0bVBnaC1lZXZ3WVZyQ0d2aEF6YU5xNUN1VmhtTUVkdllDMWJzVkd1cF9TZUN0cTBJb3VTZ1dVLWhjOFN3VDZVaURwb2dVM2NJcnZKT0tvSDRVZ1dPMlhjMDFpLXhhTTF5T1A?oc=5,https://news.google.com/rss/articles/CBMiwwFBVV95cUxOVGxhWWFJUU9oSmJjMHU3eVdaQl9jMEpWWUxHRHdwbS03amRUc3QyMURkcUFobjNIWW13VG1mWnhuam9PeUl2TVJMU080V0pKc2x2S0ZNODJDaUNmazgxOWItdUgtaENvc3NmbVZXUlpaa2xFRHJqa01CbnlGYTBBYnpkX3J0NE42OUtoWU9oeGdDRGRFbS0tU3hCeGE1WTN0YjV4OVRSLWM1RVhkMktBN2puclV6c1FaN1FPSFRjTDdkd3fSAcgBQVVfeXFMUHlFLXg0cUtiV2Y4QmlQdFN4dlkxdkNoS0JTeEtwUm13SkdFZGZGZV9HaklzWDNiLTAtVUEyak52cWRiVWJ4Q0FPUDYzbl9xQk05d2NCQV94S0tPaG1KZkU3d1VEcFk0bVBnaC1lZXZ3WVZyQ0d2aEF6YU5xNUN1VmhtTUVkdllDMWJzVkd1cF9TZUN0cTBJb3VTZ1dVLWhjOFN3VDZVaURwb2dVM2NJcnZKT0tvSDRVZ1dPMlhjMDFpLXhhTTF5T1A?oc=5
87,NHPC,NTPC Green Energy and Opera Energy Win NHPC’s 125 MW/500 MWh BESS Auction in Kerala - Energetica India Magazine,Energy Storage (BESS),125.0,Kerala,NTPC Green,,,2026-11-22,2,18 months from award (Energy Storage (BESS)),Press report - verify,,2025-05-22,https://news.google.com/rss/articles/CBMiuwFBVV95cUxPV1pxUHNLcEtWTGRUZzNJZmpEd0M4cHQ2aUdwX1F2R3FnTkYyZ0k0Z2d2bjkxLWJOazJtV0RTTmJDbklocE9vLTV3RExkQnRnZTV6ZkZxZTNvd0tIb3V6ZWtFbUxFNGZjTTBJdEhBX01NS3pRdEZEa2ZaVEhMVVlEOFJvTl9zMDB5bU5aMkpTSW1vYVFzMlZvbUpYX0J6dUZkSlF0VEpSbWZFNzVpTlJTel9CYlBMX2tmQ2NF?oc=5,https://news.google.com/rss/articles/CBMiuwFBVV95cUxPV1pxUHNLcEtWTGRUZzNJZmpEd0M4cHQ2aUdwX1F2R3FnTkYyZ0k0Z2d2bjkxLWJOazJtV0RTTmJDbklocE9vLTV3RExkQnRnZTV6ZkZxZTNvd0tIb3V6ZWtFbUxFNGZjTTBJdEhBX01NS3pRdEZEa2ZaVEhMVVlEOFJvTl9zMDB5bU5aMkpTSW1vYVFzMlZvbUpYX0J6dUZkSlF0VEpSbWZFNzVpTlJTel9CYlBMX2tmQ2NF?oc=5
88,NHPC,"NHPC Awards 125 MW/500 MWh BESS Tender With VGF to NTPC, Opera, Tata Power in Kerala - Saur Energy",Energy Storage (BESS),125.0,Kerala,Tata Power,,,2027-02-01,5,18 months from award (Energy Storage (BESS)),Press report - verify,,2025-08-01,https://news.google.com/rss/articles/CBMizwFBVV95cUxOdGlaMHV2WW0zYnZzdk16TC10dHNmT0Z5VTBwRUVqdnJFQkZuT3RLU2toWXo3SXc2T20yaEhhM2NGd0Q1OFlMOXZMUDc0YnJOeF9MNEN3NXpKNFFndllmU2x6RTBYVUI0NzJNUEpIOW5ubjlORExTamVCVDlJZWd0NW1qamt5bV9RemQ1NnVzWEpNSHlLWUVrX3p2WFp4YTJWck9rUkplamRBbS1qV3RkRXd6ZV9kVDVjSUxjT193Wm9rUUV1QUlxY0pZbWRsVG8?oc=5,https://news.google.com/rss/articles/CBMizwFBVV95cUxOdGlaMHV2WW0zYnZzdk16TC10dHNmT0Z5VTBwRUVqdnJFQkZuT3RLU2toWXo3SXc2T20yaEhhM2NGd0Q1OFlMOXZMUDc0YnJOeF9MNEN3NXpKNFFndllmU2x6RTBYVUI0NzJNUEpIOW5ubjlORExTamVCVDlJZWd0NW1qamt5bV9RemQ1NnVzWEpNSHlLWUVrX3p2WFp4YTJWck9rUkplamRBbS1qV3RkRXd6ZV9kVDVjSUxjT193Wm9rUUV1QUlxY0pZbWRsVG8?oc=5
89,NTPC Green Energy,NTPC Green Energy And Opera Energy Win 95 MW/380 MWh Battery Storage Projects To Boost Kerala’s Grid Stability - SolarQuarter,Solar + Storage,95.0,Kerala,NTPC Green,,,2027-05-26,8,24 months from award (Solar + Storage),Press report - verify,,2025-05-26,https://news.google.com/rss/articles/CBMi3wFBVV95cUxPc25GMXRPdENMcDJGSldHc3BkLTNUVDRJNFBFZUFjVnpyTDFsSW8xei03Z1F6ODFnY25PaC1wSjdBRDk2VGV6UzdUNWQ4Ym1hT0I3VzE1ME1rZE9GVHM0WjlWTE9FWnVEOTVBT3ZkYk9XeDN3R1VnS2tweEl4bzlLaUoyajFPQ0tIZ3plTlNyZFB3dU1hWk1iUkRkQWFsWENGZnZFVDdELXFqN2pNLU52YkVKTjdRSlhOTk5aSUE3RGZqeFhxLVVzT0RNSlowV2lPY0Z3bTFEZ1dCOWVCZGRR?oc=5,https://news.google.com/rss/articles/CBMi3wFBVV95cUxPc25GMXRPdENMcDJGSldHc3BkLTNUVDRJNFBFZUFjVnpyTDFsSW8xei03Z1F6ODFnY25PaC1wSjdBRDk2VGV6UzdUNWQ4Ym1hT0I3VzE1ME1rZE9GVHM0WjlWTE9FWnVEOTVBT3ZkYk9XeDN3R1VnS2tweEl4bzlLaUoyajFPQ0tIZ3plTlNyZFB3dU1hWk1iUkRkQWFsWENGZnZFVDdELXFqN2pNLU52YkVKTjdRSlhOTk5aSUE3RGZqeFhxLVVzT0RNSlowV2lPY0Z3bTFEZ1dCOWVCZGRR?oc=5
90,NTPC,ONGC-NTPC-backed Ayana bags 50 MW wind power project from SECI - CNBC TV18,Wind,50.0,,SECI,,,2028-07-15,22,24 months from award (Wind),Press report - verify,,2026-07-15,https://news.google.com/rss/articles/CBMiuwFBVV95cUxOZ1dxU0tUUmdib29MNXRVVVA2ZUJTZ043aUYtbDlzdWRiQWpyVmxxZXM1SDY5NkxKTnZlTGlQR2xyNTI1dWdKMVM1SXRZLW96b2h6ejdlZURCSms3V0pvOFRnLUlNN3otYW9weERIRlhlWmdrUjBzVHlYZUJ2T3NnMXA3dnk3NDJoVGJoSW95RUFiZDlNRG9ObkZjREtFMktVOFZVSWZuOFBfdDhrOHFQVk1ldU9ncWpjSGRR0gHAAUFVX3lxTE1Bd0FvM2V3MGFBRDF6LUF5S21jd1VDQnRham5oVTNIV1A1U09tR0lYUmdoakhEZlFXb0dOdU1mYjJ0TmhwWEFlRTdJd1FqWGUyNlNYUVdCcXF3S2VNRk44R21kOXdLbFRhR1FFZFBKaU1PWkg0UFpEYzVYVUhLc0NGQklfeHhBc0Rfd0dfMWQ5WnF5Y3ZNc2NSQVd4LVlzMERfczNrT3V5LURTeDFsQm1aT2ozU2JYeW1fLWI5RVdHZA?oc=5,https://news.google.com/rss/articles/CBMiuwFBVV95cUxOZ1dxU0tUUmdib29MNXRVVVA2ZUJTZ043aUYtbDlzdWRiQWpyVmxxZXM1SDY5NkxKTnZlTGlQR2xyNTI1dWdKMVM1SXRZLW96b2h6ejdlZURCSms3V0pvOFRnLUlNN3otYW9weERIRlhlWmdrUjBzVHlYZUJ2T3NnMXA3dnk3NDJoVGJoSW95RUFiZDlNRG9ObkZjREtFMktVOFZVSWZuOFBfdDhrOHFQVk1ldU9ncWpjSGRR0gHAAUFVX3lxTE1Bd0FvM2V3MGFBRDF6LUF5S21jd1VDQnRham5oVTNIV1A1U09tR0lYUmdoakhEZlFXb0dOdU1mYjJ0TmhwWEFlRTdJd1FqWGUyNlNYUVdCcXF3S2VNRk44R21kOXdLbFRhR1FFZFBKaU1PWkg0UFpEYzVYVUhLc0NGQklfeHhBc0Rfd0dfMWQ5WnF5Y3ZNc2NSQVd4LVlzMERfczNrT3V5LURTeDFsQm1aT2ozU2JYeW1fLWI5RVdHZA?oc=5
91,SECI,Ayana Renewable Wins 50 MW Wind Power Project In SECI Tranche-XX Auction At INR3.85/kWh - WindInsider,Wind,50.0,,Ayana Renewable,,,2028-07-16,22,24 months from award (Wind),Press report - verify,,2026-07-16,https://news.google.com/rss/articles/CBMiwAFBVV95cUxPNUp6WGpWeTBuQnJQcURPbGhnLVhLU1hXVDBXbHYxZzRWWFhUeFY4V293Q0tSM1pZWnRRQmFUM2lDbWVUOGJZZktWZlUwb200RTFZb1RXRzJiWWRYaEJ4UTMxcy1kMWZRQjloU1JWME5KLWJjZHdxRk5ZbG9WdUZKWm5QcmJlZGtRLWM1VU45UkRsZGljNnVzY2lyWDdTb044Z0ZZYndJeVlDUmh0NVFCaGRzNVY4cUpwcHQyNVdvZWPSAcYBQVVfeXFMTVBhUThxZ1I4SlBGS3Y2amFGcE9HTHBrMER4VG9qdE5qV0VjWjg3ekJyRWZtc0tUTU5Sdk5PcDZtQzlfY09iTnhWZk1jbjA0Y0ZkYjl2ZGdsYURlajRoalhTbVFLRURqNEpvOWlvTEhLblhkOTduSzZRcHZlSmpfaWdFd0twTGlDbERKQ1hwb09oYndjREpOR01oN3AzWFA4MGVkYkVFd0lva3ByeVgtMG1maUE3dHVUSlpnRFlnWlMxYnRGRmx3?oc=5,https://news.google.com/rss/articles/CBMiwAFBVV95cUxPNUp6WGpWeTBuQnJQcURPbGhnLVhLU1hXVDBXbHYxZzRWWFhUeFY4V293Q0tSM1pZWnRRQmFUM2lDbWVUOGJZZktWZlUwb200RTFZb1RXRzJiWWRYaEJ4UTMxcy1kMWZRQjloU1JWME5KLWJjZHdxRk5ZbG9WdUZKWm5QcmJlZGtRLWM1VU45UkRsZGljNnVzY2lyWDdTb044Z0ZZYndJeVlDUmh0NVFCaGRzNVY4cUpwcHQyNVdvZWPSAcYBQVVfeXFMTVBhUThxZ1I4SlBGS3Y2amFGcE9HTHBrMER4VG9qdE5qV0VjWjg3ekJyRWZtc0tUTU5Sdk5PcDZtQzlfY09iTnhWZk1jbjA0Y0ZkYjl2ZGdsYURlajRoalhTbVFLRURqNEpvOWlvTEhLblhkOTduSzZRcHZlSmpfaWdFd0twTGlDbERKQ1hwb09oYndjREpOR01oN3AzWFA4MGVkYkVFd0lva3ByeVgtMG1maUE3dHVUSlpnRFlnWlMxYnRGRmx3?oc=5
